,Ticker,Price,Shares Outstanding,Market Cap,Expected Growth - 5 Year,Last 12 Month Return,Beta,Avg Current Estimate
0,MMM,190.53,575.9M,110.382B,6.59%,-1.89%,1.2,10.52
1,ABT,78.46,1.76B,137.988B,11.59%,34.37%,0.88,3.22
2,ABBV,79.67,1.48B,117.809B,7.71%,-17.82%,0.99,8.67
3,ABMD,268.4,45.09M,12.395B,28.90%,-10.91%,1.26,5.08
4,ACN,180.12,637.83M,115.339B,8.88%,19.01%,1.14,7.31
5,ATVI,47.48,763.83M,36.779B,7.30%,-28.55%,0.79,2.2
6,ADBE,278.18,487.95M,137.583B,22.65%,25.30%,1.03,7.82
7,AMD,27.66,1.08B,30.154B,34.44%,154.23%,4.05,0.64
8,AAP,170.31,71.26M,12.128B,17.52%,49.10%,1.29,8.14
9,AES,17.68,662.4M,11.566B,7.70%,43.71%,0.6,1.33
10,AMG,111.62,51.5M,5.792B,4.49%,-32.01%,1.45,14.13
11,AFL,49.41,748.85M,37.091B,6.19%,7.92%,0.52,4.26
12,A,76.98,317.52M,24.582B,10.65%,16.70%,1.27,3.07
13,APD,200.33,219.63M,44.491B,11.93%,22.99%,0.64,8.17
14,AKAM,78.5,163.86M,12.922B,15.30%,9.71%,0.18,4.1
15,ALK,59.1,123.61M,7.493B,15.31%,-8.87%,1.15,5.97
16,ALB,74.7,105.89M,8.001B,13.29%,-22.78%,1.08,6.21
17,ARE,143.1,112.96M,16.19B,0.10%,14.29%,0.85,1.93
18,ALXN,136.0,224.3M,30.184B,14.97%,15.34%,1.75,9.31
19,ALGN,298.75,79.99M,25.437B,21.36%,18.77%,2.71,5.14
20,ALLE,96.71,94.46M,9.286B,8.67%,25.11%,1.19,4.86
21,AGN,142.08,330.22M,48.01B,3.89%,-7.91%,1.6,16.43
22,ADS,154.07,52.38M,8.212B,5.97%,-24.17%,2.11,21.83
23,LNT,47.03,237.39M,11.153B,5.85%,9.13%,0.29,2.25
24,ALL,96.56,332.98M,32.435B,12.16%,-1.38%,0.7,8.98
25,GOOGL,1273.38,299.36M,885.967B,17.60%,24.42%,1.19,46.96
26,GOOG,1269.0,349.29M,885.973B,17.60%,24.19%,1.16,47.04
27,MO,51.54,1.87B,98.738B,7.03%,-8.38%,0.25,4.19
28,AMZN,1929.0,492.05M,959.813B,91.00%,21.46%,1.71,27.4
29,AEE,72.61,245.42M,17.714B,6.65%,23.27%,0.26,3.28
30,AAL,32.15,449.06M,14.846B,17.23%,-22.18%,1.84,5.63
31,AEP,85.47,493.29M,41.786B,5.96%,21.22%,0.17,4.13
32,AXP,116.59,837M,98.431B,9.10%,17.35%,1.06,8.12
33,AIG,45.2,869.74M,40.051B,49.77%,-19.30%,1.3,4.35
34,AMT,192.46,441.97M,85.392B,20.10%,41.02%,0.22,3.53
35,AWK,107.18,180.51M,19.293B,8.20%,23.04%,0.3,3.59
36,AMP,145.41,135.4M,19.854B,18.83%,3.46%,2.23,15.71
37,ABC,74.09,211.09M,15.631B,8.62%,-18.61%,1.53,6.76
38,AME,85.99,227.52M,19.862B,8.45%,23.08%,1.28,4.02
39,AMGN,180.7,615.95M,111.776B,2.00%,3.44%,0.97,14.1
40,APH,100.52,297.96M,29.788B,6.30%,20.21%,0.9,3.91
41,APC,71.9,501.96M,36.543B,29.45%,6.61%,1.34,2.12
42,ADI,113.25,368.31M,42.15B,9.34%,31.68%,1.31,5.47
43,ANSS,191.5,83.87M,16.327B,15.60%,18.72%,1.64,5.87
44,ANTM,258.0,257.25M,68.532B,17.58%,8.44%,1.21,19.22
45,AON,180.4,240.57M,43.343B,11.35%,26.07%,0.73,9.17
46,AOS,55.47,141.8M,9.385B,9.35%,-9.80%,1.39,2.71
47,APA,33.71,375.91M,12.427B,-0.41%,-16.83%,1.97,1.11
48,AIV,49.37,144.27M,7.61B,7.10%,21.16%,0.72,0.44
49,AAPL,204.9,4.72B,963.332B,13.00%,24.22%,0.91,11.37
50,AMAT,43.6,949.39M,42.4B,10.77%,-10.51%,1.5,2.97
51,APTV,86.31,257.9M,22.311B,10.95%,1.03%,1.85,5.34
52,ADM,41.55,560.09M,22.913B,-8.80%,-8.07%,0.86,3.42
53,ARNC,20.6,453.08M,9.37B,11.20%,15.89%,2.36,1.64
54,ANET,317.09,76.51M,24.513B,18.52%,20.25%,1.79,9.25
55,AJG,83.0,185.22M,15.401B,13.59%,18.29%,0.6,3.83
56,AIZ,92.31,61.68M,5.768B,19.40%,-0.55%,0.76,8.49
57,ATO,101.49,116.89M,11.803B,6.40%,16.22%,0.25,4.3
58,T,30.47,7.28B,223.491B,2.63%,-7.22%,0.82,3.57
59,ADSK,175.37,219.54M,38.856B,,39.25%,1.43,
60,ADP,164.43,435.63M,71.313B,16.81%,38.77%,1.08,5.38
61,AZO,1023.29,24.89M,25.723B,12.48%,66.90%,0.8,61.67
62,AVB,201.43,138.32M,27.738B,2.54%,22.67%,0.73,4.71
63,AVY,108.88,83.97M,9.168B,11.97%,3.48%,1.6,6.57
64,BHGE,25.32,514.9M,26.512B,51.10%,-29.19%,0.82,0.99
65,BLL,59.03,334.17M,19.95B,14.17%,47.07%,0.48,2.67
66,BAC,30.17,9.57B,290.401B,20.69%,0.53%,1.54,2.86
67,BK,48.19,957.52M,46.373B,9.43%,-11.45%,0.91,4.05
68,BAX,76.16,511.12M,38.937B,10.89%,9.71%,1.16,3.28
69,BBT,50.27,765.92M,38.855B,3.84%,-4.91%,1.19,4.22
70,BDX,238.51,269.06M,64.069B,11.67%,2.40%,1.4,12.07
71,BRK.B,,,,,,,
72,BBY,72.41,267.8M,19.496B,,-3.58%,1.44,
73,BIIB,230.25,196.71M,45.347B,3.96%,-15.98%,1.85,29.03
74,BLK,475.11,154.5M,74.466B,6.51%,-9.02%,1.17,27.92
75,HRB,26.18,203.29M,5.454B,10.00%,-5.82%,0.18,1.94
76,BA,383.89,564.48M,214.949B,18.75%,14.76%,1.43,16.35
77,BKNG,1868.1,45.01M,84.084B,14.77%,-14.31%,0.61,100.4
78,BWA,41.98,207.61M,8.828B,4.40%,-15.06%,1.55,4.2
79,BXP,136.17,154.52M,23.46B,7.00%,11.93%,1.08,2.94
80,BSX,37.17,1.39B,51.977B,12.30%,28.59%,0.82,1.56
81,BMY,46.08,1.63B,74.982B,7.55%,-12.45%,0.87,4.18
82,AVGO,309.15,395.85M,122.875B,15.61%,35.92%,0.27,23.06
83,BR,117.24,115.68M,13.642B,10.00%,9.19%,0.87,4.63
84,BF.B,,,,,,,
85,CHRW,88.7,137.36M,12.055B,8.19%,-3.75%,0.85,5.03
86,COG,26.8,423.37M,11.287B,41.04%,8.78%,0.57,1.94
87,CDNS,67.5,281.19M,19.183B,12.00%,68.47%,1.14,2.09
88,CPB,38.24,301.12M,11.635B,-2.60%,-6.38%,0.68,2.47
89,COF,90.7,469.34M,43.991B,6.10%,-2.84%,1.34,10.97
90,CPRI,44.43,150.71M,6.732B,6.77%,-34.93%,1.03,4.95
91,CAH,47.05,298.02M,14.159B,4.92%,-26.99%,1.65,5.08
92,KMX,76.28,166.19M,12.958B,,22.13%,1.11,
93,CCL,54.08,527M,37.613B,11.05%,-14.64%,1.59,4.55
94,CAT,136.56,575.54M,80.018B,20.60%,-5.70%,1.35,12.32
95,CBOE,101.35,,11.344B,0.72%,,,4.64
96,CBRE,51.4,329.08M,17.03B,9.70%,13.20%,1.43,3.59
97,CBS,50.91,351.79M,19.181B,15.40%,2.97%,0.86,5.64
98,CE,108.24,127.84M,13.879B,10.92%,-0.54%,1.06,10.45
99,CELG,94.2,702.45M,66.185B,17.84%,7.83%,2.03,10.7
100,CNC,50.5,413.19M,21.746B,15.19%,-7.48%,1.42,4.27
101,CNP,30.71,501.44M,15.279B,6.08%,20.45%,0.42,1.66
102,CTL,11.5,1.09B,12.671B,11.45%,-38.48%,0.7,1.19
103,CERN,64.5,324.36M,21.109B,10.47%,10.90%,0.95,2.65
104,CF,44.56,222.4M,10.043B,58.44%,13.58%,0.66,2.11
105,SCHW,45.29,1.33B,59.906B,18.10%,-18.62%,1.05,2.78
106,CHTR,368.19,224.97M,94.205B,46.26%,35.19%,1.36,7.81
107,CVX,118.4,1.9B,223.065B,73.00%,-5.76%,0.78,7.28
108,CMG,682.0,27.73M,18.764B,24.35%,60.18%,1.31,12.55
109,CB,141.88,458.23M,65.518B,10.77%,4.45%,0.71,10.67
110,CHD,73.86,245.93M,18.229B,8.62%,58.87%,0.02,2.47
111,CI,157.11,380.06M,61.167B,14.51%,-8.74%,1.03,16.48
112,XEC,69.13,99.63M,6.844B,5.83%,-30.74%,1.54,6.27
113,CINF,93.71,163.13M,15.365B,5.65%,33.03%,0.55,3.51
114,CTAS,216.19,104.57M,22.669B,14.60%,26.13%,1.32,7.46
115,CSCO,56.02,4.4B,245.985B,9.91%,27.18%,1.06,3.07
116,C,68.9,2.31B,160.742B,17.06%,0.67%,1.77,7.57
117,CFG,35.76,461.12M,16.586B,12.61%,-13.91%,1.67,3.87
118,CTXS,99.32,131.73M,13.302B,9.13%,-3.29%,0.79,6.01
119,CLX,155.82,128.16M,20.194B,4.41%,32.33%,0.47,6.32
120,CME,177.74,357.84M,64.057B,4.47%,12.89%,0.06,6.86
121,CMS,55.03,283.74M,15.577B,7.10%,16.04%,0.26,2.5
122,KO,47.99,4.28B,206.319B,5.11%,10.72%,0.27,2.1
123,CTSH,73.07,569.28M,41.768B,8.81%,-10.87%,1.05,4.44
124,CL,69.58,859.81M,61.304B,3.35%,5.30%,0.83,2.83
125,CMCSA,43.93,4.52B,194.978B,13.75%,36.76%,1.06,2.92
126,CMA,77.27,155.42M,12.084B,4.00%,-18.29%,1.46,8.22
127,CAG,31.03,485.92M,15.059B,6.14%,-16.51%,1.24,2.06
128,CXO,119.61,199.23M,23.531B,53.62%,-23.03%,1.46,4.27
129,COP,63.58,1.13B,71.051B,-1.40%,-2.34%,0.7,4.35
130,ED,85.37,326.95M,27.781B,3.04%,5.48%,0.25,4.33
131,STZ,213.0,166.55M,40.068B,,-8.99%,0.68,
132,COO,283.45,49.37M,14.235B,10.00%,23.08%,1.08,11.99
133,CPRT,65.98,228.21M,15.258B,22.30%,28.74%,0.78,2.16
134,GLW,33.49,785.22M,26.423B,12.40%,24.20%,1.23,2.02
135,COST,245.62,439.88M,107.252B,10.68%,24.57%,1.07,7.96
136,COTY,11.18,751.39M,8.461B,7.55%,-36.02%,1.54,0.64
137,CCI,123.5,415.74M,51.556B,19.15%,21.60%,0.5,1.7
138,CSX,78.65,809.16M,64.062B,11.64%,32.24%,1.35,4.38
139,CMI,162.7,157.48M,25.723B,8.50%,1.43%,1.27,15.56
140,CVS,53.23,1.3B,69.45B,8.25%,-23.77%,1.19,6.79
141,DHI,44.29,373.42M,16.431B,9.46%,0.70%,1.27,3.96
142,DHR,130.96,715.93M,93.737B,8.60%,29.97%,0.94,4.78
143,DRI,120.15,122.98M,14.956B,12.95%,28.31%,0.76,5.79
144,DVA,54.15,166.39M,9.253B,20.38%,-14.17%,1.68,4.37
145,DE,162.83,318.49M,52.555B,19.51%,19.57%,1.02,11.15
146,DAL,56.56,655M,37.407B,12.52%,8.60%,1.21,6.67
147,XRAY,50.19,223.76M,11.389B,8.81%,-0.32%,0.86,2.32
148,DVN,33.16,438.3M,14.328B,35.63%,-7.68%,2.04,1.77
149,FANG,108.69,164.38M,17.623B,29.62%,-14.67%,1.17,7.65
150,DLR,117.75,208.17M,25.548B,18.45%,13.36%,0.68,1.21
151,DFS,79.09,326.24M,26.487B,20.84%,8.81%,1.66,8.61
152,DISCA,30.4,157.77M,22.55B,35.24%,28.41%,1.13,3.57
153,DISCK,28.66,360.54M,22.686B,13.30%,28.53%,1.21,3.54
154,DISH,33.88,229.46M,16.278B,-35.11%,0.92%,1.75,2.42
155,DG,124.83,259.18M,32.465B,,30.92%,0.79,
156,DLTR,110.42,238.2M,26.188B,,15.51%,0.54,
157,D,76.81,799.4M,61.386B,4.66%,15.01%,0.19,4.21
158,DOV,96.34,145.33M,14.101B,10.90%,28.50%,1.78,5.8
159,DOW,55.3,748.77M,41.37B,,∞%,,4.92
160,DWDP,37.5,2.25B,85.36B,11.27%,-11.59%,1.12,2.19
161,DTE,124.72,183.21M,22.781B,4.16%,17.81%,0.33,6.23
162,DRE,30.98,359.24M,11.191B,6.00%,13.73%,0.72,0.46
163,DUK,90.7,727.69M,65.725B,4.86%,12.84%,0.05,4.93
164,DXC,64.34,268.27M,17.438B,9.95%,-27.83%,1.7,8.25
165,ETFC,50.24,242.66M,12.196B,10.31%,-17.29%,1.12,4.34
166,EMN,79.5,138.79M,11.132B,9.84%,-20.93%,0.86,8.71
167,ETN,83.96,424.22M,35.537B,7.43%,11.69%,1.45,5.87
168,EBAY,38.25,874.82M,33.558B,12.29%,0.61%,1.44,2.69
169,ECL,184.06,288.37M,53.316B,13.37%,26.68%,0.68,5.9
170,EIX,64.12,325.81M,20.709B,4.79%,-2.96%,-0.18,4.44
171,EW,175.36,208.11M,36.652B,11.47%,39.15%,1.02,5.27
172,EA,93.46,299.6M,28.303B,10.01%,-21.19%,1.48,3.92
173,EMR,71.46,614.62M,44.081B,9.05%,7.33%,1.35,3.69
174,ETR,95.61,190.47M,18.119B,-4.03%,16.69%,0.18,5.43
175,EOG,101.47,580.06M,56.776B,12.30%,-13.62%,1.41,5.33
176,EFX,124.99,121.36M,15.202B,1.88%,11.13%,1.47,5.68
177,EQIX,453.82,84.07M,38.088B,22.50%,7.87%,0.94,6.35
178,EQR,76.37,369.93M,29.248B,2.70%,23.11%,0.59,1.33
179,ESS,279.99,65.69M,19.136B,7.90%,16.12%,0.44,5.02
180,EL,170.99,218.26M,62.301B,10.86%,15.06%,0.61,5.06
181,EVRG,57.5,252.14M,14.412B,6.15%,∞%,0.11,2.9
182,ES,71.49,317.3M,22.535B,5.62%,17.58%,0.36,3.46
183,RE,228.05,45.82M,10.572B,57.86%,-1.79%,0.12,23.45
184,EXC,50.63,969.95M,48.953B,2.62%,26.99%,0.35,3.15
185,EXPE,125.89,134.39M,18.805B,12.77%,8.75%,0.68,6.92
186,EXPD,78.69,171.86M,13.625B,9.71%,23.29%,0.92,3.59
187,EXR,102.44,127.35M,13.809B,6.00%,13.90%,0.29,3.0
188,XOM,80.27,4.23B,340.722B,15.94%,5.75%,1.07,4.37
189,FFIV,161.89,59.44M,9.503B,4.89%,-0.38%,0.74,10.65
190,FB,192.5,2.4B,546.821B,17.01%,12.36%,1.2,7.56
191,FAST,71.03,286.32M,20.409B,19.00%,41.95%,1.59,2.86
192,FRT,134.37,74.61M,10.089B,6.70%,15.43%,0.7,3.02
193,FDX,185.24,260.58M,47.956B,8.80%,-23.60%,1.71,15.49
194,FIS,111.87,323.29M,35.853B,11.70%,17.46%,0.79,7.41
195,FITB,28.32,771.11M,21.9B,6.00%,-14.80%,1.28,2.8
196,FE,41.29,531.41M,22.043B,-6.61%,19.62%,0.28,2.57
197,FRC,106.12,167.39M,17.804B,11.30%,14.27%,1.0,5.3
198,FISV,86.41,392.09M,33.473B,12.00%,21.79%,0.97,3.46
199,FLT,257.53,85.86M,22.14B,16.78%,24.09%,1.05,11.64
200,FLIR,52.02,135.61M,6.988B,21.90%,-2.84%,1.6,2.35
201,FLS,48.48,131.1M,6.433B,18.75%,9.21%,1.91,2.12
202,FLR,39.86,139.61M,5.548B,27.24%,-32.37%,2.1,2.78
203,FMC,79.1,131.61M,10.462B,23.68%,14.23%,1.12,5.69
204,FL,60.22,112.31M,6.665B,,40.23%,1.2,
205,F,10.03,3.92B,41.531B,-8.25%,-16.37%,0.75,1.2
206,FTNT,93.0,170.63M,15.872B,25.20%,67.81%,1.05,2.08
207,FTV,81.36,335.05M,28.556B,12.54%,24.86%,1.2,3.61
208,FBHS,52.17,140.87M,7.376B,8.51%,-4.83%,1.75,3.63
209,BEN,35.61,509.51M,17.889B,-2.07%,5.35%,0.94,2.46
210,FCX,12.26,1.45B,18.113B,2.37%,-19.72%,1.48,0.47
211,GPS,26.02,379.01M,9.923B,,-10.98%,0.4,
212,GRMN,85.39,189.46M,16.256B,5.89%,46.09%,1.24,3.75
213,IT,158.48,89.95M,14.291B,14.17%,30.30%,1.65,3.97
214,GD,177.14,288.77M,51.421B,8.24%,-12.14%,1.46,11.71
215,GE,9.12,8.71B,83.351B,4.21%,-32.59%,0.91,0.57
216,GIS,50.55,598.79M,30.592B,5.36%,14.81%,0.94,3.14
217,GM,40.05,1.42B,56.379B,15.35%,6.45%,0.99,6.53
218,GPC,103.8,145.94M,15.117B,4.30%,17.27%,0.96,5.91
219,GILD,64.43,1.27B,83.06B,-3.60%,-11.20%,1.23,6.64
220,GPN,144.0,157.85M,22.871B,17.90%,26.87%,1.12,6.01
221,GS,201.73,378.2M,76.805B,6.10%,-15.50%,1.2,23.28
222,GWW,294.95,55.6M,16.231B,10.30%,4.85%,1.49,17.97
223,HAL,28.93,872.76M,25.179B,18.70%,-44.86%,1.37,1.4
224,HBI,18.78,361.47M,6.788B,1.69%,1.46%,1.19,1.76
225,HOG,36.71,157.13M,5.831B,8.50%,-11.28%,1.3,3.06
226,HRS,165.37,117.83M,19.613B,17.34%,5.33%,1.3,8.0
227,HIG,51.12,360.74M,18.6B,14.84%,-5.33%,0.55,4.97
228,HAS,102.0,126M,12.926B,11.20%,15.20%,1.11,4.46
229,HCA,124.0,343.51M,43.128B,11.93%,30.10%,1.35,10.02
230,HCP,29.99,477.93M,14.657B,2.50%,28.08%,0.51,0.56
231,HP,60.46,110.51M,6.488B,110.30%,-11.66%,1.62,1.69
232,HSIC,64.07,149.47M,9.636B,5.25%,7.07%,0.84,3.43
233,HSY,122.5,208.52M,26.1B,7.85%,33.17%,0.05,5.64
234,HES,63.49,303.03M,19.348B,-23.40%,12.62%,2.19,-0.3
235,HPE,15.87,1.37B,21.611B,7.08%,-6.10%,1.19,1.65
236,HLT,87.94,292.3M,25.725B,17.80%,11.15%,1.0,3.85
237,HFC,49.17,170.76M,8.292B,-4.08%,-18.45%,1.16,4.8
238,HOLX,45.17,291.29M,13.274B,8.04%,16.52%,1.02,2.41
239,HD,205.88,1.1B,224.529B,,11.74%,1.22,
240,HON,170.16,727.74M,125.354B,6.89%,22.90%,1.24,8.08
241,HRL,39.75,535.68M,21.395B,5.00%,9.41%,-0.11,1.8
242,HST,18.96,740.39M,14.347B,28.40%,-3.37%,1.28,0.83
243,HPQ,19.45,1.53B,29.765B,5.22%,-8.79%,1.2,2.16
244,HUM,251.96,135.64M,34.995B,14.13%,-14.39%,1.11,17.43
245,HBAN,13.68,1.05B,14.44B,8.00%,-8.25%,1.48,1.34
246,HII,223.27,41.66M,9.229B,8.94%,-8.18%,1.13,14.75
247,IDXX,227.79,86.04M,20.003B,18.17%,17.06%,1.51,4.73
248,INFO,56.51,399.75M,22.614B,10.83%,14.59%,0.76,2.55
249,ITW,152.69,326.92M,50.211B,4.22%,6.47%,1.24,7.94
250,ILMN,315.0,146.91M,46.135B,22.66%,32.49%,1.44,6.53
251,IR,112.07,242.17M,27.392B,10.48%,33.33%,1.19,6.31
252,INTC,52.74,4.5B,235.865B,7.85%,11.60%,0.49,4.51
253,ICE,81.18,565.72M,45.931B,7.45%,11.54%,0.41,3.77
254,IBM,139.34,889.87M,124.083B,2.72%,-4.37%,1.68,13.91
255,INCY,74.41,214.26M,16.076B,46.00%,19.37%,1.32,1.96
256,IP,45.75,401.49M,18.465B,14.75%,-11.70%,1.41,5.14
257,IPG,23.0,386.95M,9.074B,5.20%,-5.55%,0.65,1.83
258,IFF,136.64,106.64M,14.67B,7.00%,-3.42%,0.3,6.35
259,INTU,246.42,259.07M,65.696B,15.23%,42.78%,1.04,6.58
260,ISRG,521.49,115.36M,59.885B,12.18%,17.47%,1.33,11.72
261,IVZ,21.89,401.79M,8.747B,2.93%,-24.27%,1.42,2.27
262,IPGP,173.08,53.11M,9.23B,2.70%,-18.47%,1.8,6.14
263,IQV,137.38,196.6M,27.268B,14.33%,43.44%,1.23,6.34
264,IRM,32.71,286.82M,9.305B,-0.97%,-3.80%,0.79,1.11
265,JKHY,147.33,77.18M,11.433B,11.00%,23.28%,1.1,3.57
266,JEC,78.2,139.52M,11.019B,12.90%,34.91%,1.36,5.35
267,JBHT,97.06,108.74M,10.691B,12.40%,-17.53%,1.19,5.74
268,JEF,20.28,291.24M,5.947B,18.00%,-15.77%,1.69,1.16
269,SJM,121.43,113.75M,13.967B,3.39%,6.26%,0.7,8.11
270,JNJ,139.88,2.66B,373.826B,6.44%,10.40%,0.69,8.61
271,JCI,36.82,912.71M,33.944B,9.26%,8.21%,1.29,1.81
272,JPM,113.95,3.25B,371.729B,9.63%,4.44%,1.08,10.05
273,JNPR,27.85,348.74M,9.5B,8.34%,14.31%,0.22,1.77
274,KSU,123.27,100.59M,12.524B,14.39%,15.64%,1.1,6.86
275,K,58.19,343.72M,20.417B,2.60%,-1.63%,0.7,3.96
276,KEY,17.17,1.01B,17.518B,4.80%,-13.96%,1.51,1.79
277,KEYS,87.23,187.99M,16.144B,19.83%,69.78%,1.14,3.96
278,KMB,124.63,344.11M,43.268B,3.26%,19.77%,0.45,6.66
279,KIM,17.81,422M,7.532B,4.60%,22.26%,0.73,0.67
280,KMI,19.96,2.26B,45.793B,6.23%,26.23%,1.16,1.01
281,KLAC,124.29,163.66M,20.587B,10.17%,23.27%,1.39,8.46
282,KSS,71.1,163.17M,11.815B,,15.29%,0.66,
283,KHC,32.7,1.22B,40.314B,-2.24%,-42.32%,0.81,2.83
284,KR,25.1,798.33M,19.958B,,2.30%,0.89,
285,LB,25.88,275.2M,7.202B,,-25.81%,0.66,
286,LLL,214.21,79.31M,17.085B,9.45%,9.00%,1.29,11.41
287,LH,154.89,98.68M,15.258B,7.99%,-9.39%,1.21,11.21
288,LRCX,203.0,152.59M,31.494B,-1.97%,10.82%,1.41,13.89
289,LW,69.41,146.27M,10.194B,11.35%,5.94%,-0.18,3.21
290,LEG,42.16,131.22M,5.513B,5.20%,2.81%,1.14,2.53
291,LEN,51.63,285.43M,16.406B,3.99%,-2.51%,1.25,5.38
292,LLY,118.83,970.82M,116.372B,11.23%,45.84%,0.54,5.64
293,LNC,65.14,204.51M,13.506B,10.47%,-7.80%,1.93,9.2
294,LIN,175.44,544.91M,97.136B,11.73%,∞%,0.41,6.8
295,LKQ,29.79,314.53M,9.449B,33.50%,-4.38%,1.56,2.4
296,LMT,329.6,282.81M,92.854B,12.37%,2.50%,1.42,20.28
297,L,49.69,306.4M,15.375B,19.71%,-5.30%,0.62,3.5
298,LOW,113.49,795.92M,89.525B,,37.81%,1.43,
299,LYB,87.66,370.32M,32.592B,6.66%,-16.14%,1.22,10.35
300,MTB,167.81,136.64M,23.086B,15.20%,-7.95%,1.22,14.55
301,MAC,40.85,141.16M,6.226B,0.21%,-29.56%,1.13,0.28
302,M,23.85,308.26M,7.478B,,-22.34%,0.31,
303,MRO,17.75,819.79M,14.248B,31.15%,-1.75%,1.7,0.67
304,MPC,60.29,672.65M,40.621B,9.75%,-19.04%,1.08,5.67
305,MAR,136.25,336.69M,45.942B,18.20%,-0.73%,1.14,6.09
306,MMC,92.39,507.56M,47.528B,9.04%,15.23%,0.76,4.61
307,MLM,212.76,62.48M,13.388B,14.61%,9.03%,0.91,8.95
308,MAS,38.21,294.29M,11.324B,11.90%,-0.98%,1.6,2.71
309,MA,246.05,1.01B,253.071B,20.87%,37.77%,1.01,7.56
310,MAT,13.32,345.42M,4.193B,10.00%,-17.03%,2.04,-0.33
311,MKC,151.16,122.45M,20.177B,8.79%,43.22%,-0.0,5.26
312,MXIM,59.09,273.4M,16.275B,13.36%,9.49%,1.3,2.44
313,MCD,198.47,763.49M,150.729B,5.10%,18.21%,0.33,8.12
314,MCK,115.78,191.82M,22.555B,6.00%,-26.25%,1.56,13.55
315,MDT,87.25,1.34B,117.149B,7.77%,8.40%,0.69,5.15
316,MRK,76.64,2.58B,197.941B,9.94%,29.68%,0.37,4.67
317,MET,44.8,957.27M,43.173B,9.93%,-6.21%,0.97,5.41
318,MTD,731.04,24.84M,18.304B,12.21%,30.55%,1.5,22.69
319,MGM,27.87,536.92M,15.2B,38.37%,-11.68%,1.1,1.24
320,MCHP,96.0,236.97M,23.32B,12.13%,16.52%,1.32,6.47
321,MU,41.49,,46.592B,-24.25%,,,6.45
322,MSFT,129.7,7.67B,996.543B,14.52%,38.10%,1.01,4.43
323,MAA,108.5,113.89M,12.859B,7.00%,18.07%,0.6,2.1
324,MHK,128.88,72.42M,9.198B,3.20%,-37.72%,1.75,11.22
325,TAP,63.01,196.19M,13.811B,1.35%,-11.85%,0.83,4.76
326,MDLZ,50.13,1.45B,72.707B,5.83%,26.61%,0.85,2.48
327,MNST,58.33,543.15M,32.399B,14.41%,5.27%,1.5,2.01
328,MCO,193.45,188.81M,36.924B,12.30%,19.13%,1.54,7.96
329,MS,47.4,1.69B,80.767B,11.18%,-8.39%,1.05,4.95
330,MOS,26.03,385.79M,10.1B,19.70%,-3.34%,1.6,2.22
331,MSI,145.69,164.43M,24.05B,14.16%,32.51%,0.91,7.66
332,MSCI,223.96,84.67M,19.136B,14.40%,49.02%,1.42,6.14
333,MYL,26.76,515.95M,13.951B,5.10%,-31.17%,1.66,4.41
334,NDAQ,89.63,165.42M,14.864B,5.80%,1.27%,0.78,4.96
335,NOV,25.94,385.93M,10.575B,41.00%,-31.63%,1.52,0.03
336,NKTR,31.84,174.1M,5.617B,-7.30%,-62.01%,3.62,-2.85
337,NTAP,73.0,246.98M,17.758B,17.91%,10.41%,1.32,4.55
338,NFLX,368.35,437.19M,163.881B,45.59%,17.88%,1.58,3.42
339,NWL,13.64,423.08M,6.059B,-31.30%,-50.67%,1.1,1.56
340,NEM,31.87,532.67M,16.758B,13.49%,-19.50%,-0.26,1.23
341,NWSA,12.37,385.63M,7.314B,14.69%,-22.72%,1.07,0.4
342,NWS,12.48,199.63M,7.314B,,-23.32%,1.15,
343,NEE,191.4,478.89M,91.809B,7.47%,16.21%,0.18,8.4
344,NLSN,25.42,354.49M,9.001B,4.71%,-19.43%,1.17,1.69
345,NKE,87.95,1.26B,138.801B,14.03%,28.03%,0.95,2.54
346,NI,27.96,372.97M,10.398B,4.83%,14.15%,0.33,1.31
347,NBL,26.9,479.02M,12.972B,21.28%,-19.45%,1.59,0.15
348,JWN,40.77,154.95M,6.414B,,-18.81%,0.39,
349,NSC,203.18,266.79M,54.463B,13.74%,41.36%,1.4,10.68
350,NTRS,97.38,218.5M,21.352B,11.72%,-8.60%,1.06,6.73
351,NOC,279.86,169.96M,48.12B,13.96%,-13.31%,1.07,19.01
352,NCLH,56.97,215.39M,12.335B,7.50%,6.23%,2.24,5.31
353,NRG,41.07,278.98M,11.416B,41.40%,31.90%,0.27,3.57
354,NUE,57.38,304.78M,17.187B,-17.78%,-6.85%,1.52,5.92
355,NVDA,180.71,608.49M,108.367B,,-16.89%,2.37,
356,ORLY,380.63,78.39M,29.785B,15.39%,48.40%,0.94,17.78
357,OXY,61.6,747.88M,45.852B,13.37%,-19.96%,1.15,3.74
358,OMC,80.46,220.17M,17.926B,3.00%,7.93%,0.18,5.91
359,OKE,68.88,412.74M,28.368B,14.09%,14.41%,1.08,2.98
360,ORCL,55.22,3.42B,189.372B,10.40%,20.45%,1.04,3.44
361,PCAR,70.43,346.79M,24.608B,4.08%,10.19%,1.47,6.41
362,PKG,97.43,93.75M,9.3B,2.14%,-15.34%,1.39,8.27
363,PH,182.64,129.37M,23.674B,9.12%,10.57%,1.73,11.65
364,PAYX,83.56,359.39M,30.114B,9.50%,37.41%,1.2,2.86
365,PYPL,109.72,1.17B,129.597B,21.22%,47.73%,0.91,2.89
366,PNR,37.33,171.67M,6.594B,6.90%,-16.99%,1.12,2.31
367,PBCT,17.15,391.05M,6.75B,13.73%,-6.40%,1.4,1.36
368,PEP,126.52,1.4B,177.19B,4.92%,24.96%,0.56,5.52
369,PKI,93.0,110.8M,10.424B,12.59%,29.61%,1.5,4.03
370,PRGO,50.38,135.87M,6.925B,1.70%,-35.85%,2.0,4.2
371,PFE,39.67,5.55B,221.905B,5.48%,8.19%,0.59,2.89
372,PM,83.94,1.56B,131.869B,6.18%,1.94%,0.98,5.13
373,PSX,94.85,454.35M,43.127B,-8.75%,-14.46%,0.83,7.72
374,PNW,96.27,112.27M,10.676B,5.01%,18.19%,0.14,4.85
375,PXD,166.5,168.49M,27.79B,46.52%,-16.64%,1.16,7.62
376,PNC,134.01,452M,61.513B,8.46%,-7.81%,1.16,11.36
377,RL,130.79,52.74M,10.314B,11.92%,18.10%,0.94,7.01
378,PPG,116.0,236.06M,27.81B,9.59%,9.11%,0.73,6.31
379,PPL,30.98,720.99M,22.192B,0.63%,5.84%,0.55,2.43
380,PFG,56.24,278.16M,15.961B,6.20%,-5.81%,1.43,5.53
381,PG,103.95,2.5B,264.817B,6.22%,42.77%,0.22,4.46
382,PGR,75.73,584M,44.495B,15.95%,25.39%,0.7,5.0
383,PLD,75.59,630.7M,48.85B,-6.05%,16.25%,1.06,1.77
384,PRU,103.11,408.33M,42.422B,8.53%,-3.37%,1.41,12.87
385,PEG,59.3,505M,29.765B,5.50%,13.14%,0.46,3.26
386,PSA,217.57,174.37M,38.229B,17.00%,7.44%,0.14,7.41
387,PHM,31.81,277.48M,8.73B,1.44%,4.31%,0.56,3.38
388,PVH,130.02,75.15M,9.846B,,-18.56%,1.44,
389,QRVO,73.85,122.79M,9.208B,10.83%,14.69%,0.95,5.61
390,PWR,40.27,142.08M,5.764B,10.09%,23.57%,1.42,3.45
391,QCOM,84.51,1.21B,104.861B,6.70%,66.77%,0.92,3.86
392,DGX,94.4,134.58M,12.831B,5.43%,-6.88%,0.93,6.48
393,RJF,90.21,141.04M,12.658B,8.37%,0.51%,1.41,7.14
394,RTN,178.03,280.22M,49.72B,13.19%,-13.45%,1.29,11.61
395,O,70.39,303.8M,21.469B,7.80%,38.74%,0.28,1.37
396,RHT,182.3,176.76M,32.239B,,11.80%,-0.29,
397,REG,67.56,167.52M,11.343B,9.10%,14.56%,0.66,1.51
398,REGN,351.25,106.89M,37.392B,11.48%,15.25%,1.13,22.98
399,RF,15.49,1.01B,15.752B,9.00%,-17.27%,1.6,1.57
400,RSG,79.72,321.68M,25.911B,11.93%,22.87%,0.57,3.24
401,RMD,102.63,143.3M,14.895B,11.14%,8.04%,0.55,3.53
402,RHI,62.37,116.42M,7.271B,6.30%,2.22%,1.41,3.98
403,ROK,176.22,119.54M,21.33B,8.61%,7.11%,1.5,9.02
404,ROL,39.34,327.53M,12.806B,8.20%,20.91%,0.85,0.77
405,ROP,348.75,103.61M,36.52B,3.00%,31.40%,1.1,12.34
406,ROST,98.32,367.44M,36.211B,,21.24%,0.8,
407,RCL,121.36,209.19M,25.345B,12.40%,11.62%,1.93,9.97
408,CRM,162.42,774.87M,128.598B,,34.80%,1.05,
409,SBAC,199.68,113.07M,22.736B,85.31%,24.53%,0.57,1.02
410,SLB,42.95,1.38B,59.97B,21.30%,-36.84%,1.69,1.58
411,STX,44.27,279.25M,12.563B,5.56%,-20.42%,1.98,4.64
412,SEE,45.88,155.75M,7.232B,15.28%,4.22%,1.09,2.73
413,SRE,127.85,274.18M,35.109B,8.00%,13.90%,0.38,6.01
414,SHW,451.09,92.19M,42.101B,13.87%,22.75%,1.23,21.06
415,SPG,178.43,308.99M,63.545B,8.60%,13.76%,0.6,7.18
416,SWKS,87.37,173M,15.055B,11.17%,2.04%,0.68,6.61
417,SLG,87.71,83.27M,7.732B,-10.84%,-10.55%,1.39,1.51
418,SNA,168.0,55.4M,9.406B,7.25%,15.77%,1.4,12.34
419,SO,52.71,1.04B,54.685B,2.17%,13.70%,0.3,3.03
420,LUV,53.25,546.65M,28.961B,12.04%,0.98%,1.81,4.62
421,SPGI,219.2,246.08M,54.204B,9.30%,16.22%,0.96,9.08
422,SWK,143.78,151.36M,22.144B,9.10%,1.34%,1.31,8.56
423,SBUX,76.95,1.24B,96.317B,11.25%,33.94%,0.42,2.71
424,STT,67.0,377.02M,25.313B,2.76%,-32.76%,1.64,6.51
425,SYK,187.9,373.1M,70.248B,10.57%,10.48%,1.04,8.15
426,STI,64.32,443.71M,28.824B,8.97%,-3.79%,1.68,5.69
427,SIVB,242.0,52.64M,13.036B,8.00%,-17.44%,2.46,20.34
428,SYMC,24.13,639.22M,15.495B,10.57%,-13.17%,0.96,1.59
429,SYF,33.48,688.8M,23.695B,21.93%,0.99%,1.67,4.29
430,SNPS,119.61,149.68M,17.979B,10.00%,39.98%,1.35,4.28
431,SYY,69.59,513.46M,35.48B,9.79%,10.92%,0.73,3.45
432,TROW,107.79,236.71M,25.576B,3.34%,-5.41%,0.99,7.41
433,TTWO,93.41,105.77M,10.18B,21.34%,-6.83%,1.14,4.79
434,TPR,31.03,289.98M,9.178B,5.72%,-42.72%,1.02,2.58
435,TGT,77.12,516.33M,39.82B,,12.59%,1.05,
436,TEL,95.39,338.26M,31.969B,10.40%,4.10%,0.98,5.52
437,FTI,24.64,447.67M,11.187B,23.70%,-26.37%,1.14,1.35
438,TFX,281.14,46.07M,12.994B,13.85%,5.01%,1.24,11.03
439,TXN,116.0,938.62M,110.015B,8.04%,15.52%,1.12,5.18
440,TXT,53.4,233.85M,12.534B,14.48%,-14.16%,1.79,3.71
441,TMO,270.0,399M,109.016B,11.13%,28.14%,1.3,12.19
442,TIF,104.63,121.42M,13.082B,,1.94%,1.28,
443,TWTR,38.59,765.68M,29.609B,34.73%,26.95%,-0.17,1.06
444,TJX,54.88,1.21B,66.875B,,29.83%,0.86,
445,TMK,86.71,110.31M,9.597B,7.90%,-0.22%,1.1,6.68
446,TSS,99.49,177.4M,17.861B,12.75%,18.59%,1.0,4.87
447,TSCO,105.1,121.11M,12.732B,11.41%,54.50%,1.22,4.7
448,TDG,479.31,52.9M,25.546B,10.40%,48.74%,1.34,16.96
449,TRV,139.25,261.91M,36.73B,14.37%,5.77%,0.97,11.17
450,TRIP,53.06,125.34M,7.375B,10.80%,41.26%,0.13,1.93
451,FOXA,38.08,354.33M,23.738B,5.79%,4.35%,,2.3
452,FOX,37.8,266.17M,23.707B,9.20%,4.35%,,2.05
453,TSN,73.76,295.26M,27.088B,3.30%,5.02%,0.59,5.93
454,UDR,44.98,281.18M,13.688B,-34.21%,23.62%,0.69,0.36
455,ULTA,356.86,58.8M,21.048B,,40.97%,1.35,
456,USB,51.91,1.6B,83.692B,8.16%,2.76%,1.23,4.29
457,UAA,22.59,187.9M,9.584B,36.82%,26.52%,0.71,0.34
458,UA,20.17,226.52M,9.627B,35.90%,30.94%,0.93,0.35
459,UNP,175.56,707.84M,125.443B,13.15%,31.33%,1.27,9.09
460,UAL,86.56,263.13M,23.14B,12.81%,28.61%,1.15,11.06
461,UNH,232.14,959.54M,227.411B,14.51%,-2.37%,0.98,14.7
462,UPS,104.91,696.63M,89.415B,9.07%,-7.37%,1.41,7.55
463,URI,138.01,78.62M,11.039B,16.37%,-8.31%,2.39,19.13
464,UTX,140.0,862.33M,121.399B,8.60%,16.30%,1.31,7.95
465,UHS,128.79,83.84M,11.77B,10.96%,15.32%,1.28,10.05
466,UNM,36.36,212.29M,7.766B,7.79%,-25.18%,1.57,5.46
467,VFC,94.42,395.6M,37.393B,13.39%,16.25%,1.5,3.76
468,VLO,90.28,417.61M,37.619B,26.48%,-18.12%,1.26,6.7
469,VAR,134.77,90.78M,12.19B,7.07%,15.67%,0.96,4.73
470,VTR,60.16,357.35M,21.822B,6.90%,15.67%,0.38,1.29
471,VRSN,194.4,119.41M,23.865B,8.00%,61.11%,0.87,5.17
472,VRSK,139.14,163.51M,22.87B,9.94%,30.38%,0.85,4.43
473,VZ,56.06,4.13B,233.675B,2.51%,13.17%,0.47,4.74
474,VRTX,173.98,255.66M,44.19B,54.87%,14.00%,1.43,4.1
475,VIAB,29.25,353.64M,12.147B,4.96%,-3.18%,1.3,4.24
476,V,161.26,1.75B,357.967B,15.61%,26.91%,0.88,5.31
477,VNO,69.47,190.74M,14.218B,17.33%,1.88%,1.13,1.51
478,VMC,121.88,132.07M,16.234B,18.10%,9.01%,0.91,4.78
479,WAB,71.65,162.47M,11.897B,14.00%,-19.54%,1.4,4.15
480,WMT,100.45,2.87B,291.359B,,17.02%,0.66,
481,WBA,52.72,914.3M,48.321B,5.12%,-20.72%,0.78,6.03
482,DIS,138.7,1.8B,251.523B,4.27%,36.79%,0.51,6.66
483,WM,105.77,424.68M,44.94B,10.50%,29.81%,0.67,4.36
484,WAT,214.04,70.76M,15.158B,11.43%,13.25%,1.28,9.22
485,WEC,78.36,315.45M,24.492B,5.82%,21.03%,0.31,3.51
486,WCG,259.65,50.3M,13.324B,19.99%,26.13%,1.42,13.53
487,WFC,47.52,4.51B,216.393B,13.51%,-8.56%,1.27,4.77
488,WELL,74.38,386.36M,28.799B,13.00%,38.01%,0.52,2.62
489,WDC,49.95,290.85M,14.81B,-13.80%,-32.80%,1.72,5.48
490,WU,19.22,436.12M,8.587B,2.74%,-2.89%,0.76,1.87
491,WRK,36.73,252.48M,9.37B,14.97%,-38.12%,1.58,3.99
492,WY,26.68,744.77M,20.384B,5.00%,-28.60%,1.72,0.73
493,WHR,135.8,63.62M,8.72B,8.60%,-12.85%,1.78,14.72
494,WMB,28.35,1.21B,34.522B,11.01%,10.65%,1.51,0.94
495,WLTW,180.71,129.2M,23.456B,10.93%,21.32%,0.54,10.77
496,WYNN,148.0,107.64M,16.071B,14.00%,-21.05%,1.31,6.39
497,XEL,56.2,514.67M,28.78B,6.24%,19.53%,0.25,2.61
498,XRX,32.18,226.91M,7.331B,8.80%,2.42%,2.2,3.78
499,XLNX,115.52,253.16M,30.109B,,80.35%,1.41,
500,XYL,82.28,179.85M,14.948B,16.00%,12.73%,1.13,3.3
501,YUM,103.88,305.9M,31.841B,15.80%,18.77%,0.4,3.83
502,ZBH,125.0,204.58M,25.339B,4.63%,8.29%,1.41,7.8
503,ZION,48.36,182.51M,8.898B,7.50%,-11.67%,1.52,4.48
504,ZTS,102.24,479.15M,49.52B,14.63%,21.98%,0.65,3.47
505,AAN,59.47,67.78M,3.867B,12.00%,41.37%,1.11,3.76
506,AAOI,12.41,19.88M,250.123M,13.00%,-61.17%,2.43,-0.54
507,AAON,48.67,52.07M,2.592B,12.00%,43.24%,0.7,1.26
508,AAT,46.45,48.01M,3.032B,3.00%,37.27%,0.41,0.86
509,AAWW,47.71,25.85M,1.245B,10.00%,-24.62%,1.61,7.62
510,AAXN,62.68,59.12M,3.716B,30.00%,49.93%,0.79,0.92
511,ABCB,36.03,47.42M,1.73B,8.00%,-30.08%,1.86,4.07
512,ABG,79.44,19.52M,1.582B,16.75%,17.85%,1.21,8.85
513,ABM,37.06,66.24M,2.469B,16.00%,19.05%,0.55,1.99
514,ACC,47.75,137.21M,6.566B,17.62%,21.32%,0.43,0.63
515,ACET,0.159,,4.148M,10.00%,,,0.0
516,ACHC,31.98,88.45M,2.856B,4.98%,-9.81%,0.7,2.17
517,ACIW,34.48,116.14M,4.045B,12.00%,48.17%,0.9,0.91
518,ACLS,20.99,32.83M,698.88M,20.00%,-4.27%,1.07,0.81
519,ACM,33.05,156.1M,5.175B,7.77%,-4.30%,1.8,2.75
520,ACOR,11.15,47.63M,524.92M,29.00%,-51.60%,1.97,-3.83
521,ACXM,,,,,,,
522,ADC,67.03,37.37M,2.546B,-0.90%,36.76%,0.14,1.67
523,ADNT,22.68,93.53M,2.192B,16.20%,-63.34%,2.23,2.28
524,ADTN,17.14,47.78M,824.631M,2.30%,17.75%,1.81,0.46
525,AEGN,19.46,31.75M,612.852M,15.00%,-14.46%,1.77,1.19
526,AEIS,58.03,38.24M,2.208B,10.00%,-1.91%,1.64,2.72
527,AEL,28.89,90.5M,2.654B,10.00%,-4.54%,1.95,3.8
528,AEO,22.98,172.58M,4.014B,,11.65%,0.78,
529,AFG,101.4,89.64M,9.128B,6.10%,-10.63%,1.05,8.76
530,AGCO,69.67,76.71M,5.437B,16.31%,11.07%,1.05,4.64
531,AGYS,18.83,23.05M,436.15M,15.00%,60.27%,1.34,-0.33
532,AHH,15.89,50.34M,1.075B,5.00%,16.58%,0.56,0.38
533,AHL,,,,,,,
534,AIN,72.89,29.06M,2.356B,15.00%,23.11%,1.44,3.48
535,AIR,33.6,34.38M,1.159B,15.19%,-22.42%,0.53,2.54
536,AIT,61.14,38.76M,2.297B,12.00%,-3.66%,1.52,4.58
537,AJRD,32.7,78.67M,2.618B,20.00%,17.00%,0.2,1.38
538,AKR,28.71,82.62M,2.46B,3.00%,21.14%,0.98,0.38
539,AKRX,2.98,125.58M,379.246M,15.00%,-79.28%,3.83,-0.46
540,AKS,2.4,316.31M,755.976M,16.77%,-48.37%,2.77,0.47
541,ALE,80.49,51.62M,4.15B,6.00%,4.76%,0.3,3.58
542,ALEX,23.82,72.09M,1.73B,20.00%,4.24%,1.36,0.65
543,ALG,102.0,11.74M,1.223B,6.60%,-6.65%,0.98,6.55
544,ALGT,140.1,16.09M,2.268B,14.72%,-12.65%,1.74,13.16
545,ALRM,70.46,48.18M,3.401B,14.15%,75.41%,1.24,1.39
546,AMAG,11.84,33.75M,397.875M,-36.40%,-42.48%,0.15,-2.14
547,AMBC,18.3,45.34M,834.289M,11.00%,7.52%,0.7,-0.52
548,AMCX,58.95,44.73M,3.36B,8.37%,12.81%,0.97,8.62
549,AMED,126.27,32.01M,4.094B,19.90%,90.53%,1.24,4.02
550,AMN,50.72,46.87M,2.409B,5.86%,-24.32%,1.04,2.93
551,AMPH,21.35,46.79M,1.01B,25.00%,11.73%,1.03,0.32
552,AMSF,58.87,19.26M,1.136B,10.00%,-0.89%,0.63,3.27
553,AMWD,89.74,16.87M,1.515B,8.00%,9.20%,2.71,6.93
554,AN,39.64,90.06M,3.81B,8.00%,-14.48%,1.06,4.12
555,ANDE,32.14,33.14M,1.083B,8.00%,-1.29%,1.09,2.38
556,ANF,28.14,66.61M,1.93B,,10.30%,0.72,
557,ANGO,20.39,37.22M,774.091M,21.00%,5.06%,0.71,0.84
558,ANIK,32.85,14.21M,470.976M,10.00%,-25.86%,1.55,1.2
559,ANIP,69.79,11.88M,840.599M,2.70%,17.37%,1.95,5.78
560,APEI,32.55,16.59M,564.594M,-1.50%,-18.78%,0.15,1.63
561,APOG,39.8,27.18M,1.083B,,-3.16%,1.66,
562,APY,40.32,77.36M,3.093B,28.50%,6.61%,,1.48
563,ARCB,31.31,25.54M,806.244M,3.76%,-2.43%,2.18,3.66
564,ARI,18.73,134.29M,2.533B,7.46%,3.44%,0.56,1.88
565,AROC,10.43,130.41M,1.378B,-12.91%,-2.59%,1.52,0.68
566,ARR,19.32,59.79M,1.174B,0.63%,-15.07%,0.29,2.47
567,ARRS,31.65,,5.56B,9.40%,,,0.0
568,ARW,83.75,85.19M,7.239B,6.80%,12.07%,1.12,9.12
569,ASB,21.98,162.76M,3.634B,6.00%,-15.95%,1.16,2.07
570,ASGN,63.15,52.8M,3.411B,10.00%,-21.57%,2.05,4.67
571,ASH,78.19,62.62M,4.991B,14.38%,18.31%,1.21,3.22
572,ASIX,29.66,29.03M,876.6M,10.00%,-17.20%,2.0,2.58
573,ASNA,1.1,194.38M,225.484M,22.00%,-50.45%,1.39,-0.49
574,ASRT,4.14,64.28M,271.25M,25.00%,∞%,1.9,0.83
575,ASTE,33.08,22.52M,748.724M,10.00%,-40.55%,1.88,2.34
576,ATGE,48.74,57.78M,2.875B,6.40%,2.39%,1.1,2.85
577,ATI,24.08,126.11M,3.141B,79.50%,-9.37%,2.43,1.6
578,ATNI,61.75,15.8M,967.915M,20.00%,17.23%,0.31,-0.22
579,ATO,101.49,116.89M,11.803B,6.40%,16.22%,0.25,4.3
580,ATR,109.71,63.01M,7.021B,7.79%,17.06%,0.7,4.28
581,ATU,25.48,61.42M,1.588B,13.50%,7.77%,1.46,1.18
582,AVA,41.87,65.75M,2.77B,5.65%,-19.42%,0.5,1.93
583,AVAV,68.87,23.6M,1.641B,29.90%,26.31%,1.21,1.75
584,AVD,16.05,29.69M,489.892M,3.00%,-25.66%,0.94,0.82
585,AVNS,41.45,47.45M,1.99B,-11.60%,∞%,1.23,1.25
586,AVP,3.05,442.5M,1.412B,10.00%,20.95%,1.9,0.09
587,AVT,46.67,108.43M,5.211B,12.80%,18.43%,1.41,4.25
588,AWR,70.34,36.8M,2.569B,6.00%,25.52%,0.24,1.96
589,AXE,60.02,33.68M,2.082B,8.00%,2.05%,1.51,6.25
590,AXL,14.89,111.74M,1.715B,4.65%,-4.37%,1.89,2.94
591,AYI,145.24,39.51M,5.76B,9.84%,21.41%,1.43,9.75
592,AZZ,46.58,26.09M,1.223B,10.00%,4.15%,1.4,2.08
593,B,53.97,51.38M,2.787B,10.00%,-4.83%,1.67,3.27
594,BABY,24.73,33.66M,877.592M,22.00%,-23.78%,0.18,1.28
595,BANC,14.23,50.18M,733.013M,10.00%,-25.89%,2.15,0.71
596,BANR,51.71,35.11M,1.85B,7.00%,-9.79%,0.82,4.28
597,BBBY,16.82,132.23M,2.222B,,-3.67%,1.6,
598,BC,48.14,87.04M,4.391B,15.00%,-19.00%,1.79,4.97
599,BCC,26.8,38.97M,1.075B,7.90%,-35.87%,2.11,2.09
600,BCEI,23.17,20.56M,493.612M,15.00%,-24.33%,0.68,5.34
601,BCO,77.81,49.7M,3.953B,14.50%,6.27%,1.31,4.22
602,BCOR,34.8,48.25M,1.675B,20.00%,34.19%,1.27,2.03
603,BCPC,98.62,32.27M,3.228B,24.00%,11.80%,1.03,2.58
604,BDC,54.61,39.45M,2.17B,10.16%,-11.01%,2.83,5.81
605,BEAT,55.11,33.75M,1.922B,25.00%,55.05%,1.95,1.96
606,BEL,24.99,,2.576B,40.80%,,,0.29
607,BELFB,24.85,10.09M,291.204M,,26.25%,1.74,1.89
608,BFS,53.63,22.75M,1.647B,,11.93%,1.29,
609,BGFV,2.52,21.02M,55.064M,-6.54%,-69.76%,1.41,0.09
610,BGG,11.01,42.11M,491.367M,-42.20%,-24.51%,1.43,1.04
611,BGS,24.65,65.3M,1.638B,4.40%,7.96%,0.81,1.84
612,BHE,26.93,40.29M,1.103B,12.52%,2.81%,1.07,1.74
613,BHLB,29.43,45.52M,1.361B,10.00%,-22.45%,1.41,2.6
614,BID,42.68,46.59M,2.021B,12.00%,-19.30%,0.93,2.65
615,BIG,38.14,39.9M,1.519B,,-8.90%,2.18,
616,BIO,298.75,24.71M,9.058B,20.98%,17.81%,1.55,7.07
617,BJRI,50.12,21.08M,1.075B,11.70%,-13.79%,0.45,2.21
618,BKE,17.93,48.74M,867.035M,,-22.04%,0.5,
619,BKH,72.38,60.17M,4.342B,3.63%,27.15%,0.17,3.43
620,BKS,4.91,73.03M,366.588M,10.00%,-11.17%,-0.53,0.06
621,BLD,69.73,34.66M,2.415B,,-12.67%,1.65,4.61
622,BLKB,79.37,47.3M,3.729B,-1.60%,-24.51%,1.59,2.21
623,BMI,54.47,29.12M,1.598B,14.90%,28.27%,1.15,1.69
624,BMS,57.3,91.21M,5.297B,8.52%,30.99%,0.79,3.0
625,BNED,4.37,45.56M,200.468M,20.00%,-39.50%,2.24,0.48
626,BOFI,,,,,,,
627,BOH,81.64,41.36M,3.424B,9.00%,-3.02%,0.94,5.61
628,BPFH,11.4,83.77M,956.695M,10.18%,-28.91%,0.95,0.96
629,BRC,48.52,49.13M,2.564B,11.50%,32.80%,0.7,2.3
630,BRKL,14.96,79.77M,1.195B,6.00%,-10.06%,0.93,1.12
631,BRKS,31.7,71.96M,2.278B,12.00%,28.82%,2.15,0.81
632,BRO,31.46,281.83M,8.928B,12.01%,15.68%,0.63,1.36
633,BRS,0.4624,35.8M,17.004M,-49.40%,-97.11%,2.28,-3.71
634,BXS,29.94,99.07M,3.017B,5.00%,-9.47%,1.56,2.35
635,BYD,31.5,110.98M,3.389B,18.95%,-7.95%,2.49,1.78
636,CABO,1021.55,5.7M,5.89B,14.10%,60.78%,0.59,34.38
637,CACI,188.0,24.86M,4.712B,4.80%,24.30%,1.31,10.34
638,CAKE,49.41,43.65M,2.187B,8.60%,-5.18%,0.82,2.62
639,CAL,26.88,42.25M,1.14B,,-17.60%,0.78,
640,CALM,41.06,43.89M,2.016B,-10.00%,-15.81%,0.29,1.44
641,CAMP,13.48,31.09M,420.375M,12.00%,-31.75%,1.98,1.1
642,CAR,35.83,75.91M,2.774B,18.20%,-27.52%,1.8,3.88
643,CARS,20.77,67.39M,1.409B,10.00%,-27.11%,,0.53
644,CASH,23.36,39.42M,1.026B,,-38.60%,1.5,2.35
645,CASY,129.59,36.63M,4.777B,16.03%,34.44%,0.64,5.33
646,CATM,35.5,46.31M,1.619B,-7.90%,35.50%,1.66,1.99
647,CATO,14.3,21.93M,349.301M,10.00%,-11.60%,0.0,0.0
648,CATY,36.02,80.36M,2.931B,8.00%,-9.97%,1.54,3.49
649,CBB,8.44,50.34M,439.449M,-125.60%,-44.29%,1.38,-0.71
650,CBL,0.99,173.46M,202.224M,4.90%,-76.08%,1.97,-0.14
651,CBM,40.94,33.65M,1.412B,15.00%,-23.21%,2.3,1.86
652,CBRL,168.84,24.04M,4.062B,2.40%,2.30%,0.66,9.09
653,CBSH,60.35,110.7M,6.733B,8.00%,-0.26%,0.88,3.67
654,CBT,45.35,59.52M,2.736B,14.01%,-19.05%,1.68,4.39
655,CBU,64.23,51.46M,3.372B,8.00%,14.04%,0.92,3.27
656,CC,37.94,166.28M,6.41B,1.50%,-21.32%,1.64,4.52
657,CCMP,121.85,28.96M,3.562B,13.00%,20.85%,1.23,7.11
658,CCOI,55.36,45.22M,2.499B,115.57%,17.01%,0.66,0.85
659,CCRN,6.98,36.14M,254.811M,38.39%,-44.91%,1.89,0.07
660,CDK,61.48,124.71M,7.781B,10.00%,-6.19%,0.86,3.76
661,CDR,3.2,89.05M,289.419M,11.00%,-18.51%,1.39,0.03
662,CECO,17.96,69.78M,1.283B,15.00%,38.09%,1.34,1.15
663,CEIX,33.5,27.61M,940.864M,,6.01%,,3.89
664,CENT,26.11,12.15M,1.434B,7.50%,-30.59%,0.48,1.82
665,CENTA,23.84,44.11M,1.419B,12.10%,-33.13%,0.55,1.81
666,CENX,8.38,88.1M,751.522M,78.80%,-51.69%,2.52,-0.7
667,CEVA,23.97,21.97M,540.531M,28.20%,-26.01%,1.93,0.39
668,CFR,97.8,62.99M,6.299B,10.02%,-14.07%,1.16,7.1
669,CGNX,54.57,171.36M,9.413B,15.00%,18.34%,2.27,1.26
670,CHCO,78.85,16.53M,1.311B,8.00%,9.81%,0.96,5.3
671,CHCT,36.47,18.11M,657.838M,,43.14%,0.9,
672,CHDN,94.82,39.73M,3.969B,12.00%,2.95%,1.35,4.19
673,CHE,326.14,15.93M,5.24B,8.85%,5.81%,0.96,12.78
674,CHFC,43.04,71.54M,3.151B,9.00%,-21.50%,2.07,4.22
675,CHK,2.9,1.62B,4.805B,6.20%,-1.01%,2.39,0.61
676,CHS,3.73,116.5M,426.379M,,-62.34%,0.68,
677,CHSP,28.55,59.31M,1.706B,8.00%,-3.66%,1.37,1.18
678,CHUY,21.16,16.89M,351.715M,15.00%,-26.22%,1.37,0.91
679,CIEN,39.15,155.95M,5.961B,13.20%,51.69%,0.39,1.83
680,CIR,33.7,19.87M,672.711M,6.07%,-18.43%,3.34,2.29
681,CJ,14.72,64.9M,955.26M,30.20%,-50.23%,1.48,-0.97
682,CKH,43.65,18.34M,826.805M,54.60%,-19.89%,0.78,1.84
683,CLB,63.82,44.33M,2.92B,6.50%,-47.36%,2.0,2.18
684,CLD,0.162,,11.451M,17.30%,,,-0.62
685,CLDT,19.49,46.55M,932.069M,12.00%,2.41%,1.39,0.59
686,CLGX,40.39,80.13M,3.27B,6.85%,-18.79%,1.14,2.45
687,CLH,73.65,55.86M,4.147B,0.40%,60.63%,1.93,1.7
688,CLI,22.92,90.25M,2.304B,-4.73%,33.02%,0.98,-1.92
689,CLW,19.99,16.52M,334.102M,5.00%,-15.52%,2.52,0.79
690,CMC,17.3,117.92M,2.036B,8.95%,-17.66%,1.64,1.86
691,CMD,66.23,41.52M,2.795B,2.75%,-40.90%,1.21,2.36
692,CMO,8.5,85.58M,733.421M,10.00%,-3.64%,0.89,0.3
693,CMP,56.08,33.87M,1.938B,14.52%,-17.01%,1.97,2.56
694,CMTL,22.83,24.13M,552.242M,17.00%,-25.27%,0.67,0.95
695,CNK,41.09,117.02M,4.86B,9.50%,4.67%,0.32,2.3
696,CNMD,81.24,28.23M,2.328B,14.90%,25.05%,0.78,2.45
697,CNO,16.7,161.24M,2.704B,10.00%,-22.20%,1.85,2.02
698,CNSL,5.89,72M,410.371M,2.00%,-48.23%,1.19,-0.5
699,CNX,10.27,195.68M,2.053B,35.70%,-30.28%,0.39,0.77
700,COHR,151.47,24.33M,3.751B,8.00%,-9.22%,2.93,7.49
701,COHU,14.09,40.82M,600.825M,10.00%,-32.52%,1.73,0.64
702,COKE,334.0,7.14M,2.368B,,97.46%,1.45,6.16
703,COLB,35.99,73.47M,2.697B,8.00%,-10.35%,0.92,2.53
704,CONE,56.2,107.91M,6.025B,22.60%,4.91%,0.89,-0.39
705,COR,110.53,36.68M,5.284B,14.95%,5.99%,1.01,2.19
706,CORE,36.39,45.87M,1.666B,3.60%,76.56%,0.7,1.49
707,CORT,12.05,114.72M,1.388B,-11.90%,-27.52%,1.32,0.84
708,CPE,7.72,227.88M,1.707B,37.34%,-43.57%,1.46,0.88
709,CPF,29.56,28.84M,865.095M,8.00%,2.17%,0.99,2.11
710,CPS,50.9,17.52M,892.566M,-8.50%,-59.02%,1.76,5.39
711,CPSI,30.19,13.86M,425.225M,7.00%,0.87%,0.71,2.56
712,CPT,100.17,96.63M,9.909B,3.60%,16.73%,0.59,1.89
713,CR,86.4,59.88M,5.207B,11.55%,2.79%,1.59,6.36
714,CRAY,26.2,41.06M,1.073B,20.00%,10.10%,1.16,-1.25
715,CREE,67.0,102.3M,6.699B,112.26%,81.16%,1.06,0.8
716,CRI,106.43,45.42M,4.848B,6.81%,5.98%,0.9,6.62
717,CRL,140.24,48.74M,6.957B,12.33%,34.37%,1.16,6.48
718,CROX,27.28,73.34M,2.02B,10.00%,72.53%,0.65,1.08
719,CRR,2.96,28.99M,86.088M,10.00%,-65.95%,2.7,-1.69
720,CRS,49.96,47.38M,2.365B,22.81%,-6.31%,2.63,3.25
721,CRUS,46.83,59.14M,2.784B,15.00%,29.97%,1.12,2.38
722,CRVL,70.31,18.64M,1.325B,,43.20%,0.83,
723,CRY,29.49,37.1M,1.108B,30.00%,30.38%,0.6,0.3
724,CRZO,13.01,92.5M,1.185B,27.00%,-34.23%,2.25,2.63
725,CSGS,44.35,32.26M,1.434B,-5.00%,3.51%,1.08,3.24
726,CSL,137.53,57.2M,8.005B,15.00%,27.62%,1.22,7.72
727,CTB,31.58,50.11M,1.526B,-0.71%,26.87%,0.99,2.43
728,CTLT,44.62,145.71M,6.558B,13.00%,8.56%,1.99,1.84
729,CTRE,23.75,94.72M,2.27B,30.30%,79.41%,1.02,0.8
730,CTRL,16.62,26.62M,458.606M,20.00%,-19.82%,2.1,1.2
731,CTS,29.74,32.87M,986.279M,11.00%,-0.23%,1.62,1.61
732,CUB,55.7,31.15M,1.753B,-1.00%,-10.06%,1.39,1.27
733,CUBI,21.64,31.15M,677.423M,10.00%,-24.98%,1.09,2.16
734,CUTR,17.27,14.01M,238.106M,25.00%,-65.46%,1.23,0.2
735,CUZ,9.49,420.59M,4.012B,,6.30%,0.77,0.15
736,CVBF,21.45,140.01M,3.026B,10.00%,-2.44%,1.16,1.47
737,CVCO,123.12,9.1M,1.116B,30.00%,-27.77%,1.96,6.61
738,CVG,,,,,,,
739,CVGW,93.23,17.6M,1.672B,14.30%,-0.69%,1.14,3.11
740,CVLT,61.33,45.9M,2.821B,10.00%,-12.39%,0.7,1.83
741,CW,113.48,42.83M,4.913B,7.00%,-11.33%,1.43,6.86
742,CWT,50.1,48.13M,2.397B,9.80%,28.75%,0.32,1.4
743,CXW,20.42,119.07M,2.448B,6.00%,0.89%,1.97,1.52
744,CY,16.62,364.59M,6.307B,10.10%,10.97%,1.69,1.08
745,CYH,3.62,114.76M,421.184M,6.10%,-4.23%,4.3,-1.49
746,CYTK,9.19,55.37M,508.879M,15.00%,11.33%,2.03,-1.77
747,DAKT,7.33,45.01M,328.591M,10.00%,-18.65%,0.9,0.18
748,DAN,19.26,143.46M,2.809B,7.74%,-19.34%,2.04,3.27
749,DAR,20.99,164.7M,3.459B,3.00%,22.05%,0.69,0.89
750,DBD,12.67,76.56M,971.588M,3.00%,-17.20%,3.52,0.3
751,DCI,52.49,127.65M,6.798B,8.00%,18.32%,1.71,2.33
752,DCOM,19.51,35.88M,716.205M,1.25%,-1.06%,1.03,1.29
753,DDD,10.83,116.68M,1.265B,10.00%,7.97%,2.43,0.17
754,DDS,67.0,22.34M,1.822B,,-8.42%,1.02,
755,DEA,17.82,60.9M,1.248B,,-13.78%,0.96,0.16
756,DECK,154.75,29.13M,4.52B,13.90%,65.77%,0.48,7.98
757,DEI,41.18,170.24M,8.104B,8.00%,10.30%,0.66,0.69
758,DF,1.65,91.7M,166.9M,-6.28%,-80.95%,0.48,-0.43
759,DFIN,15.18,34.12M,523.693M,10.00%,-17.66%,1.69,1.33
760,DGII,12.79,27.68M,354.517M,17.00%,11.48%,1.84,0.36
761,DIN,94.05,17.68M,1.656B,3.90%,17.76%,0.8,7.13
762,DIOD,36.35,50.6M,1.832B,15.00%,28.02%,0.85,2.56
763,DKS,38.13,71.76M,3.689B,,15.56%,1.0,
764,DLPH,22.87,88.53M,2.013B,3.00%,-53.34%,,3.05
765,DLX,43.36,43.64M,1.934B,7.50%,-36.96%,1.73,5.47
766,DNB,,,,,,,
767,DNKN,74.98,82.6M,6.228B,7.25%,22.51%,1.01,2.98
768,DNOW,14.93,110.06M,1.648B,,23.50%,1.72,0.39
769,DNR,2.25,451.45M,1.034B,32.60%,-28.57%,2.71,0.48
770,DO,11.59,137.58M,1.574B,-18.00%,-36.38%,1.97,-2.13
771,DORM,92.01,32.83M,3.071B,15.00%,42.59%,0.68,4.49
772,DPLO,5.53,74.45M,413.178M,-5.69%,-74.62%,0.69,0.34
773,DPZ,276.45,41.06M,11.229B,14.53%,14.36%,0.96,9.41
774,DRH,10.74,201.86M,2.195B,-9.50%,-2.90%,1.47,0.44
775,DRQ,43.28,35.76M,1.556B,-25.90%,5.21%,2.49,-0.01
776,DSPG,14.32,22.63M,328.074M,,20.50%,0.89,
777,DSW,22.24,,1.766B,,,,
778,DXPE,43.15,17.58M,767.617M,20.00%,18.93%,2.17,2.41
779,DY,48.32,31.48M,1.535B,,-53.49%,1.36,
780,EAT,43.19,37.5M,1.678B,5.97%,0.32%,0.43,3.85
781,EBIX,49.22,30.55M,1.521B,10.00%,-36.40%,2.09,4.43
782,EBS,54.0,51.38M,2.747B,10.30%,3.86%,1.51,3.0
783,ECHO,22.8,27.82M,669.025M,14.23%,-16.23%,2.02,1.83
784,ECOL,59.19,22.06M,1.311B,5.00%,11.05%,0.71,2.26
785,ECPG,29.5,30.97M,927.14M,13.00%,-33.88%,2.3,5.26
786,EDR,,,,,,,
787,EE,60.15,40.86M,2.458B,3.80%,17.41%,0.51,2.59
788,EFII,37.38,42.49M,1.608B,7.00%,34.91%,1.1,1.75
789,EGHT,23.5,95.65M,2.251B,-218.50%,-100.00%,0.94,-0.21
790,EGL,,,,,,,
791,EGN,,,,,,,
792,EGOV,16.9,67.53M,1.156B,10.00%,14.14%,1.37,0.72
793,EGP,113.24,36.61M,4.134B,7.70%,25.77%,0.78,2.2
794,EGRX,52.67,13.92M,743.975M,2.50%,1.37%,2.31,4.12
795,EHC,63.54,98.74M,6.473B,5.73%,2.99%,1.34,3.77
796,EHTH,70.99,22.55M,1.449B,15.00%,229.94%,1.08,1.3
797,EIG,44.6,32.33M,1.428B,10.00%,8.75%,0.4,2.23
798,ELY,17.11,94.82M,1.651B,30.90%,-0.81%,0.94,0.99
799,EME,81.05,56.08M,4.478B,15.00%,9.66%,1.22,5.27
800,ENDP,7.43,224.4M,1.667B,-16.10%,29.14%,2.45,2.17
801,ENR,47.28,69.87M,3.364B,4.10%,-17.83%,0.5,3.02
802,ENS,68.81,43.05M,2.973B,10.00%,0.36%,1.1,4.93
803,ENSG,50.6,53.52M,2.759B,15.00%,81.38%,1.09,2.2
804,ENTA,88.76,19.44M,1.738B,,-4.62%,1.71,1.79
805,ENVA,28.64,33.69M,1.021B,,-9.42%,1.47,3.06
806,EPAY,49.96,40.74M,2.057B,66.60%,26.09%,1.11,1.32
807,EPC,41.32,54.12M,2.242B,-1.90%,-6.63%,0.5,3.43
808,EPR,78.33,74.91M,5.893B,7.00%,41.93%,0.75,3.13
809,ERA,9.03,21.79M,195.238M,7.00%,-14.50%,1.39,-0.37
810,ERI,49.97,77.22M,3.937B,5.00%,23.14%,2.43,2.3
811,ESE,71.36,25.92M,1.87B,15.00%,29.31%,0.99,3.05
812,ESIO,,,,,,,
813,ESL,122.49,,3.637B,2.11%,,,0.0
814,ESND,,,,,,,
815,ESV,15.56,109.35M,1.724B,-28.50%,178.58%,2.45,-4.95
816,ETH,19.75,26.58M,535.843M,9.20%,-10.43%,0.99,1.45
817,EV,41.6,110.2M,4.634B,4.68%,-23.50%,1.58,3.15
818,EVR,96.36,41M,4.208B,-4.50%,-4.34%,2.22,7.95
819,EVTC,30.37,70.23M,2.164B,5.62%,66.19%,0.13,1.87
820,EWBC,50.62,145.5M,7.405B,8.00%,-24.09%,1.61,4.96
821,EXEL,19.93,301.35M,6.193B,46.00%,-3.94%,2.17,1.01
822,EXLS,62.36,34.32M,2.153B,10.35%,7.71%,0.89,2.97
823,EXP,89.1,45.9M,4.172B,8.00%,-9.94%,1.57,4.98
824,EXPO,56.98,51.9M,2.94B,15.00%,31.69%,0.09,1.42
825,EXPR,3.56,66.51M,238.759M,,-54.59%,1.11,
826,EXTN,15.38,36.14M,541.769M,,-47.39%,1.4,0.39
827,EXTR,7.93,116.76M,932.912M,20.00%,-25.42%,1.55,0.48
828,EZPW,10.71,52.48M,610.452M,5.00%,-21.46%,1.13,0.97
829,FAF,57.49,111.95M,6.48B,12.50%,12.60%,1.17,4.59
830,FARO,55.58,17.32M,967.607M,30.00%,10.40%,1.87,1.38
831,FBP,11.11,216.37M,2.441B,13.60%,54.02%,1.13,0.74
832,FCF,13.46,98.64M,1.329B,8.00%,-11.23%,1.53,1.1
833,FCFS,98.75,43.57M,4.329B,12.20%,13.47%,0.89,3.91
834,FCN,84.31,36.87M,3.143B,14.00%,43.20%,0.69,3.71
835,FCPT,28.36,68.35M,1.945B,,24.36%,0.43,1.0
836,FDS,267.28,38.24M,10.368B,11.71%,41.24%,1.23,9.59
837,FELE,46.82,46.35M,2.202B,13.40%,13.85%,1.36,2.33
838,FF,14.35,43.74M,639.088M,,22.74%,1.31,
839,FFBC,24.29,98.61M,2.451B,10.00%,-19.35%,1.46,2.22
840,FFIN,61.26,67.35M,4.175B,10.00%,23.77%,0.99,2.36
841,FHN,14.9,315.36M,4.718B,5.60%,-18.58%,1.4,1.47
842,FICO,280.96,29.07M,8.247B,17.70%,61.97%,1.61,7.04
843,FII,30.7,100.79M,3.134B,2.64%,26.71%,0.41,2.46
844,FIVE,145.22,55.8M,8.134B,,106.06%,0.93,
845,FIX,55.57,36.9M,2B,10.00%,34.53%,1.42,3.27
846,FLO,21.34,211.45M,4.561B,5.22%,-5.88%,0.23,0.97
847,FLOW,35.18,42.53M,1.536B,8.10%,-21.73%,2.01,2.55
848,FMBI,20.92,107M,2.252B,7.00%,-13.99%,1.53,1.96
849,FN,59.9,36.85M,2.21B,8.96%,112.34%,0.38,3.71
850,FR,35.33,126.49M,4.568B,10.00%,13.08%,0.86,0.84
851,FNB,11.97,323.81M,3.889B,10.00%,-8.38%,1.47,1.17
852,FNSR,23.95,117.9M,2.816B,15.00%,53.59%,1.06,0.99
853,FORM,18.21,74.49M,1.37B,20.00%,59.93%,1.28,0.88
854,FORR,49.75,18.42M,933.695M,12.00%,24.65%,0.94,1.61
855,FOSL,13.36,49.61M,652.343M,17.30%,-10.50%,-0.1,0.58
856,FOXF,77.53,38.03M,2.976B,15.00%,132.45%,1.45,2.53
857,FR,35.33,126.49M,4.568B,10.00%,13.08%,0.86,0.84
858,FRAN,0.6922,36.17M,24.519M,10.00%,-85.95%,1.68,-0.37
859,FRGI,13.26,27.17M,360.236M,13.00%,-36.86%,0.26,0.72
860,FSB,28.25,14.57M,421.634M,10.00%,-15.70%,1.63,2.5
861,FSLR,60.85,105.35M,6.483B,12.43%,-13.62%,1.15,2.48
862,FSP,7.64,107.23M,828.896M,,-2.44%,1.73,-0.03
863,FSS,28.3,60.25M,1.723B,16.00%,30.10%,1.54,1.55
864,FTD,0.478,28.32M,15.999M,12.50%,-92.80%,2.68,0.01
865,FTK,3.33,56.98M,188.038M,10.00%,-6.72%,4.66,-0.33
866,FTNT,93.0,170.63M,15.872B,25.20%,67.81%,1.05,2.08
867,FTR,2.52,105.32M,278.042M,7.30%,-69.52%,1.66,-1.18
868,FUL,47.72,50.89M,2.492B,14.00%,-3.64%,1.38,3.28
869,FULT,17.0,169.92M,2.918B,2.85%,0.41%,0.91,1.4
870,FWRD,65.71,28.83M,1.844B,13.81%,22.86%,1.72,3.4
871,GATX,75.34,36.45M,2.822B,12.00%,15.60%,1.6,4.99
872,GBCI,41.66,84.59M,3.58B,10.00%,12.56%,1.21,2.41
873,GBX,34.61,32.41M,1.145B,7.00%,-21.25%,1.64,3.62
874,GCI,9.34,114.47M,1.085B,,-4.24%,2.01,0.7
875,GCO,44.12,18.35M,824.962M,,3.79%,0.69,
876,GDOT,62.93,53.15M,3.367B,18.03%,3.60%,0.71,3.64
877,GEF,38.48,26.23M,2.058B,15.00%,-34.45%,1.43,3.68
878,GEO,19.23,121.03M,2.352B,15.00%,-14.62%,1.6,1.33
879,GEOS,14.05,13.63M,192.768M,37.00%,32.83%,2.6,0.0
880,GES,19.36,81.73M,1.614B,,-16.62%,0.58,
881,GFF,19.27,43.56M,848.901M,20.41%,-2.81%,2.79,0.96
882,GGG,50.81,165.51M,8.52B,7.50%,15.64%,0.87,2.02
883,GHC,723.96,4.35M,3.914B,18.10%,20.15%,0.34,34.42
884,GHL,23.43,20.69M,493.045M,118.30%,15.27%,0.76,1.68
885,GIFI,8.65,15.24M,130.119M,31.60%,-15.40%,1.96,-0.1
886,GIII,42.31,48.71M,2.095B,,16.09%,2.07,
887,GLT,14.69,44.02M,665.189M,0.20%,-29.49%,1.75,0.7
888,GME,8.93,102.27M,909.154M,,-34.43%,0.46,
889,GMED,45.69,76.14M,4.494B,10.27%,-11.04%,0.88,1.71
890,GNBC,,,,,,,
891,GNL,18.94,83.79M,1.599B,,1.45%,0.89,0.22
892,GNTX,22.9,256.88M,5.983B,15.00%,0.13%,1.01,1.62
893,GNW,3.78,500.9M,1.918B,5.00%,36.59%,0.26,1.17
894,GOV,,,,,,,
895,GPI,76.03,18.48M,1.468B,-3.00%,16.77%,1.9,9.3
896,GPOR,6.63,162.99M,1.087B,-6.66%,-27.96%,1.17,1.21
897,GPRE,16.71,41.42M,708.746M,15.00%,-9.95%,1.03,-0.96
898,GTLS,87.01,31.73M,2.802B,25.00%,53.72%,1.34,2.83
899,GTY,32.23,40.87M,1.324B,,28.38%,0.66,1.2
900,GVA,43.24,46.69M,2.102B,7.00%,-16.99%,1.27,3.41
901,GWB,33.5,56.94M,1.963B,5.80%,-18.30%,1.63,3.2
902,GWR,86.64,56.5M,5.023B,13.43%,21.81%,1.27,4.38
903,HA,27.05,48.31M,1.315B,-2.17%,-34.54%,2.11,3.94
904,HAE,85.26,51.01M,4.411B,12.00%,9.15%,0.76,2.33
905,HAFC,22.98,30.86M,723.076M,8.00%,-16.59%,1.51,2.08
906,HAIN,21.56,104.12M,2.281B,-4.15%,-25.99%,1.44,0.65
907,HAYN,31.87,12.45M,403.092M,20.00%,-23.65%,2.13,1.31
908,HBHC,,,,,,,
909,HCI,42.01,8.59M,363.599M,25.00%,0.43%,0.74,3.88
910,HCSG,34.02,74.04M,2.495B,9.02%,-12.35%,1.0,1.52
911,HE,41.38,108.94M,4.493B,5.90%,18.85%,0.14,1.96
912,HELE,125.0,25.59M,3.591B,7.23%,29.40%,0.53,7.82
913,HF,47.74,39.82M,1.898B,15.00%,35.00%,1.99,2.84
914,HFWA,29.85,36.81M,1.119B,7.00%,3.37%,1.1,2.1
915,HI,42.29,62.53M,2.674B,12.50%,-8.67%,1.23,2.54
916,HIBB,20.44,18.38M,376.705M,,-24.56%,0.89,
917,HIW,44.33,103.68M,4.746B,8.00%,0.34%,1.09,1.26
918,HLIT,5.62,88.68M,500.148M,35.00%,54.52%,0.8,0.1
919,HLX,7.66,148.78M,1.174B,100.70%,-0.78%,2.43,0.28
920,HMN,37.53,41.14M,1.57B,12.70%,-16.17%,0.82,2.35
921,HMST,28.15,27.03M,775.568M,7.00%,10.35%,1.34,1.71
922,HMSY,29.54,87.08M,2.657B,20.84%,63.24%,1.57,1.13
923,HNI,36.41,43.56M,1.61B,9.00%,8.75%,1.36,2.64
924,HOMB,18.88,168.17M,3.237B,5.00%,-18.76%,1.53,1.77
925,HOPE,13.58,126.64M,1.748B,8.00%,-21.80%,1.87,1.38
926,HPR,2.84,210.17M,571.662M,31.00%,-57.89%,2.01,0.06
927,HPT,25.68,164.44M,4.289B,5.00%,3.14%,1.36,1.88
928,HQY,69.96,62.47M,4.535B,,5.92%,1.61,
929,HR,30.79,128.71M,3.967B,10.00%,10.17%,0.8,0.26
930,HRC,98.88,66.66M,6.804B,11.27%,13.17%,1.19,5.04
931,HSC,21.74,80.08M,1.767B,20.00%,6.11%,1.7,1.39
932,HSII,38.43,18.98M,742.286M,-12.00%,1.46%,1.27,2.46
933,HSKA,76.62,7.74M,594.99M,25.00%,-5.64%,1.58,0.01
934,HSTM,26.0,32.39M,851.488M,13.50%,11.64%,0.5,0.32
935,HT,17.8,39.21M,782.354M,27.80%,-5.75%,1.41,-0.4
936,HTLD,19.95,81.96M,1.662B,27.11%,12.23%,1.16,0.97
937,HUBB,123.24,54.51M,6.719B,10.00%,18.36%,1.65,7.93
938,HUBG,42.01,34.12M,1.475B,13.30%,-4.41%,1.62,3.2
939,HVT,23.73,18.81M,487.013M,13.10%,30.74%,1.25,1.44
940,HWC,42.35,85.71M,3.693B,8.00%,-13.47%,1.68,4.06
941,HWKN,37.16,10.68M,402.929M,,14.34%,0.87,
942,HYH,,,,,,,
943,HZO,15.58,22.84M,377.496M,30.00%,-27.04%,1.14,1.94
944,IART,51.66,85.33M,4.483B,13.20%,-16.63%,1.2,2.69
945,IBKR,53.5,,22.398B,,,,
946,IBOC,40.84,65.64M,2.715B,,2.51%,1.28,
947,IBP,47.81,29.97M,1.427B,12.13%,-17.24%,2.1,3.04
948,ICUI,226.27,20.6M,4.646B,16.00%,-10.34%,0.7,9.41
949,IDA,98.18,50.42M,4.926B,2.40%,5.04%,0.44,4.45
950,IDCC,64.76,32.62M,2.123B,15.00%,-12.98%,1.1,0.6
951,IDTI,49.0,,6.334B,14.40%,,,0.0
952,IEX,156.5,75.79M,11.869B,12.50%,14.71%,1.42,5.73
953,IIIN,20.56,19.25M,404.476M,13.00%,-32.03%,1.98,1.12
954,IIVI,38.92,63.39M,2.481B,20.66%,3.02%,1.56,2.62
955,ILG,,,,,,,
956,INDB,79.82,34.3M,2.763B,8.00%,10.41%,1.25,5.25
957,INGN,82.69,21.93M,1.891B,15.55%,-40.99%,2.02,1.9
958,INGR,90.43,66.68M,6.056B,1.90%,-25.25%,0.63,7.04
959,INN,11.56,105.32M,1.233B,,-20.58%,1.44,0.28
960,INT,31.8,67.24M,2.126B,5.00%,44.62%,0.87,2.31
961,INTL,40.51,19.08M,785.117M,,-9.62%,0.88,
962,INVA,13.67,101.18M,1.394B,19.34%,-6.28%,0.57,1.54
963,IOSP,82.18,24.8M,2.072B,7.50%,13.05%,1.52,5.02
964,IPAR,71.54,31.44M,2.241B,12.00%,39.28%,0.48,1.89
965,IPHS,31.68,19.61M,634.455M,10.00%,-23.54%,1.79,2.22
966,IRBT,99.3,28.04M,2.805B,18.00%,69.41%,2.15,3.18
967,IRDM,26.64,113.24M,3.082B,10.00%,130.08%,1.67,-0.63
968,IRT,10.53,89.23M,955.178M,5.00%,11.60%,0.72,0.19
969,ISCA,43.88,23.79M,1.893B,8.30%,6.64%,0.72,2.0
970,ITG,30.23,,0,,,,
971,ITGR,68.32,32.62M,2.264B,10.00%,24.44%,1.25,4.19
972,ITRI,50.74,39.85M,2.073B,25.00%,-22.55%,1.41,2.53
973,ITT,60.68,87.8M,5.358B,12.00%,24.03%,1.64,3.57
974,IVC,7.23,33.81M,246.802M,10.00%,-60.16%,2.34,-0.88
975,IVR,16.33,127.69M,2.093B,-0.11%,0.31%,0.47,1.79
976,JACK,77.39,25.81M,1.995B,12.67%,-13.32%,0.62,4.26
977,JBGS,42.5,132.59M,6.302B,,15.11%,,
978,JBL,30.31,152.88M,4.646B,12.00%,14.14%,0.48,2.97
979,JHG,25.3,190.65M,4.862B,-1.62%,-19.75%,,2.59
980,JBLU,18.03,300.95M,5.453B,18.87%,-6.04%,1.33,1.81
981,JBSS,70.6,8.79M,808.577M,,24.06%,1.54,2.89
982,JBT,99.15,31.52M,3.171B,6.40%,-8.14%,1.41,4.33
983,JCOM,87.69,48.75M,4.278B,8.00%,10.33%,0.92,6.8
984,JCP,1.3,316.37M,430.26M,,-55.33%,2.08,
985,JHG,25.3,190.65M,4.862B,-1.62%,-19.75%,,2.59
986,JJSF,154.29,18.78M,2.93B,6.00%,12.19%,0.27,4.88
987,JKHY,147.33,77.18M,11.433B,11.00%,23.28%,1.1,3.57
988,JLL,154.0,45.74M,7.095B,9.35%,-9.31%,1.37,11.5
989,JRVR,41.57,30.14M,1.263B,,14.04%,0.63,2.6
990,JW.A,,,,,,,
991,KALU,97.08,16.01M,1.569B,4.90%,-1.59%,1.28,6.98
992,KAMN,61.42,27.86M,1.723B,10.00%,0.97%,0.62,2.86
993,KBH,25.56,87.13M,2.227B,19.61%,-3.73%,1.42,2.64
994,KBR,21.81,141.45M,3.135B,9.03%,30.98%,1.58,1.65
995,KELYA,22.56,35.44M,900.182M,15.00%,-22.86%,0.95,2.34
996,KEM,17.43,57.79M,1.003B,12.00%,1.39%,1.74,3.39
997,KEX,80.65,59.88M,4.852B,24.10%,-5.65%,1.11,3.52
998,KEYS,87.23,187.99M,16.144B,19.83%,69.78%,1.14,3.96
999,KFY,45.81,56.43M,2.681B,15.00%,-14.29%,1.77,3.34
1000,KIRK,5.98,14.37M,85.051M,,-43.25%,0.43,
1001,KLIC,23.53,66.14M,1.562B,16.00%,3.41%,1.28,1.09
1002,KLXI,,,,,,,
1003,KMPR,85.79,64.93M,5.616B,10.00%,26.98%,1.34,5.4
1004,KMT,40.66,82.23M,3.384B,12.40%,11.39%,2.18,3.13
1005,KN,18.25,90.87M,1.71B,15.00%,42.34%,1.35,1.08
1006,KNX,34.6,173.08M,6.1B,22.96%,-11.00%,2.07,2.69
1007,KOP,26.4,20.63M,553.23M,18.00%,-39.70%,1.42,3.2
1008,KOPN,1.23,84.26M,102.797M,20.00%,-62.84%,2.55,-0.3
1009,KRA,32.64,32.02M,1.062B,18.00%,-27.94%,2.91,3.85
1010,KRC,77.35,100.96M,8.002B,8.00%,7.49%,0.74,1.63
1011,KRG,15.71,83.93M,1.364B,52.70%,6.18%,1.06,0.04
1012,KS,,,,,,,
1013,KWR,219.74,13.33M,2.974B,12.75%,48.15%,1.48,6.94
1014,LABL,49.89,20.54M,1.025B,15.00%,-23.19%,1.97,3.67
1015,LAD,105.52,22.35M,2.607B,15.95%,14.85%,1.11,10.6
1016,LAMR,81.36,85.58M,8.249B,3.00%,27.44%,0.96,3.73
1017,LANC,143.81,27.51M,4.021B,3.00%,15.09%,-0.27,5.43
1018,LCI,7.16,39.29M,287.579M,15.00%,-54.17%,2.97,2.16
1019,LCII,87.45,25M,2.256B,20.00%,-8.56%,1.57,5.92
1020,LDL,24.95,17.5M,440.586M,17.50%,-43.97%,1.69,2.04
1021,LDOS,66.41,143.63M,9.558B,9.07%,3.36%,1.43,4.54
1022,LECO,86.74,63.1M,5.518B,9.93%,4.67%,1.21,5.24
1023,LFUS,198.67,24.71M,4.923B,12.00%,6.47%,1.0,9.22
1024,LGIH,69.66,22.71M,1.565B,14.43%,0.62%,1.09,6.94
1025,LGND,124.46,20.45M,2.598B,25.00%,-19.75%,1.76,4.16
1026,LHCG,108.74,31.41M,3.469B,14.67%,46.16%,1.19,4.2
1027,LHO,,,,,,,
1028,LII,268.98,39.56M,10.736B,14.78%,39.09%,0.89,12.31
1029,LION,28.72,27.6M,797.809M,5.00%,26.31%,0.68,1.57
1030,LITE,60.02,76.1M,4.58B,12.00%,20.16%,0.92,4.17
1031,LIVN,69.19,48.28M,3.395B,12.40%,-21.77%,0.82,3.41
1032,LKSD,6.58,33.51M,230.214M,-12.70%,-62.07%,1.31,1.44
1033,LL,12.76,28.68M,376.024M,30.00%,-46.90%,1.49,0.53
1034,LM,33.25,85.54M,2.868B,6.28%,-16.45%,1.49,-0.46
1035,LMAT,28.99,19.67M,570.662M,12.00%,-8.04%,1.66,0.84
1036,LMNX,22.57,44.99M,1.014B,15.00%,5.53%,1.3,0.27
1037,LNN,82.81,10.79M,916.188M,22.90%,-5.45%,0.18,1.76
1038,LNTH,25.0,38.63M,972.279M,-4.82%,39.94%,1.82,1.16
1039,LOCO,12.4,38.96M,493.659M,15.00%,24.00%,0.31,0.74
1040,LOGM,84.7,49.98M,4.048B,6.70%,-23.51%,0.95,4.94
1041,LPNT,,,,,,,
1042,LPSN,28.63,64.79M,1.899B,30.00%,70.30%,0.62,-0.1
1043,LPT,49.07,147.95M,7.472B,5.00%,17.00%,0.58,1.31
1044,LPX,24.45,123.44M,3.06B,5.00%,-14.19%,1.49,1.62
1045,LQDT,6.45,33.31M,214.832M,-16.70%,0.00%,0.45,-0.36
1046,LSI,94.9,46.54M,4.453B,5.00%,7.30%,0.56,3.24
1047,LSTR,115.03,40.16M,4.676B,19.87%,13.05%,1.36,6.4
1048,LTC,44.5,39.71M,1.78B,4.00%,22.60%,0.79,2.14
1049,LTXB,38.63,47.29M,1.867B,10.00%,-5.94%,1.7,3.19
1050,LW,69.41,146.27M,10.194B,11.35%,5.94%,-0.18,3.21
1051,LXP,9.08,235.28M,2.171B,5.00%,12.31%,1.0,0.11
1052,LXU,5.93,28.75M,172.488M,,6.69%,3.87,
1053,LYV,66.12,210.9M,14.016B,80.30%,66.76%,1.07,0.38
1054,LZB,32.13,46.66M,1.514B,7.80%,11.28%,1.21,2.2
1055,MAN,94.62,60.04M,5.736B,3.10%,-1.21%,1.94,7.85
1056,MANH,64.87,64.59M,4.36B,15.00%,51.97%,1.73,1.43
1057,MANT,59.58,26.67M,2.4B,9.67%,0.71%,0.75,2.26
1058,MASI,128.55,53.36M,6.962B,11.90%,43.26%,1.43,3.08
1059,MATW,37.69,31.87M,1.224B,-10.00%,-23.87%,1.01,4.02
1060,MATX,37.96,42.83M,1.621B,15.00%,30.24%,1.54,2.33
1061,MBFI,43.6,,3.552B,8.00%,,,0.0
1062,MCRI,42.77,17.95M,783.513M,14.00%,0.80%,1.25,2.16
1063,MCS,37.88,22.71M,1.176B,15.00%,24.23%,0.69,1.74
1064,MCY,52.19,55.34M,2.939B,37.90%,13.95%,-0.02,3.52
1065,MD,26.84,85.87M,2.392B,9.61%,-41.49%,1.05,3.73
1066,MDC,30.69,61.34M,1.861B,5.40%,5.58%,1.35,3.2
1067,MDCO,32.0,73.62M,2.325B,37.00%,-0.96%,2.53,-2.37
1068,MDP,58.55,39.98M,2.665B,26.80%,12.41%,1.2,3.88
1069,MDR,9.5,181.59M,1.74B,51.50%,-51.72%,4.08,1.57
1070,MDRX,9.61,166.13M,1.628B,8.30%,-17.30%,1.54,0.67
1071,MDSO,89.99,62.26M,5.567B,15.00%,25.42%,1.2,1.78
1072,MDU,25.68,196.56M,5.028B,7.00%,-9.48%,0.41,1.5
1073,MDXG,2.4,109.35M,263.529M,,-70.16%,3.3,
1074,MED,152.99,11.87M,1.841B,20.00%,52.06%,0.5,6.53
1075,MEI,28.85,36.99M,1.085B,15.00%,-27.97%,1.73,2.56
1076,MGLN,69.26,23.93M,1.698B,-1.30%,-17.40%,0.6,3.92
1077,MGPI,87.2,17.01M,1.49B,15.00%,-9.27%,2.04,2.61
1078,MHLD,0.6051,82.96M,49.775M,12.00%,-92.02%,0.09,0.22
1079,MHO,27.97,27.54M,765.581M,12.50%,-8.79%,1.13,3.61
1080,MIK,12.14,157.77M,1.948B,,-34.53%,1.19,
1081,MINI,36.21,44.87M,1.625B,16.00%,-13.38%,1.47,1.92
1082,MKSI,99.77,54.23M,5.509B,5.74%,-1.61%,1.63,6.28
1083,MKTX,263.69,37.64M,10.151B,13.10%,33.65%,0.06,5.07
1084,MLHR,38.72,58.81M,2.294B,50.60%,25.60%,1.71,2.85
1085,MLI,28.84,56.62M,1.667B,12.00%,5.78%,1.62,1.45
1086,MMS,72.63,63.8M,4.676B,12.50%,7.20%,0.73,3.65
1087,MMSI,54.46,54.98M,3.015B,7.27%,12.16%,1.32,2.02
1088,MNK,18.39,83.54M,1.53B,9.17%,41.46%,2.82,8.21
1089,MNRO,80.29,33.1M,2.7B,18.00%,43.29%,0.88,2.39
1090,MNTA,14.57,98.28M,1.464B,-146.20%,-29.95%,2.45,-1.66
1091,MOG.A,,,,,,,
1092,MOH,124.18,62.63M,8.047B,13.00%,49.27%,2.05,10.0
1093,MOV,33.82,22.98M,795.483M,,-14.17%,0.43,
1094,MPAA,20.84,18.81M,391.794M,25.00%,8.56%,1.79,1.65
1095,MPW,17.6,381.01M,6.664B,6.21%,36.62%,0.57,0.98
1096,MPWR,154.46,42.92M,6.651B,25.00%,33.00%,1.19,4.05
1097,MSA,103.57,38.53M,4.155B,18.00%,20.06%,0.84,4.76
1098,MSM,81.34,44.98M,4.499B,6.30%,-6.15%,1.17,5.54
1099,MSTR,148.24,8.2M,1.53B,10.00%,16.11%,0.45,1.59
1100,MTDR,20.4,116.39M,2.295B,16.00%,-36.68%,2.24,1.21
1101,MTH,50.75,38.29M,1.92B,-1.28%,14.34%,1.05,4.62
1102,MTRN,57.55,20.32M,1.171B,12.00%,14.33%,1.15,2.66
1103,MTRX,19.55,26.78M,530.597M,10.00%,27.08%,1.7,0.94
1104,MTSC,54.44,17.9M,974.786M,10.00%,6.61%,1.77,2.63
1105,MTX,61.52,35.23M,2.22B,7.00%,-11.27%,1.54,5.03
1106,MUR,28.28,173.06M,4.785B,8.46%,-5.45%,1.71,1.33
1107,MUSA,81.6,32.18M,2.609B,4.50%,30.57%,0.82,4.51
1108,MXL,27.43,70.5M,1.942B,10.02%,23.60%,1.76,1.16
1109,MYE,17.7,35.39M,636.632M,20.00%,-24.16%,1.63,0.79
1110,MYGN,31.6,73.27M,2.326B,11.15%,11.66%,1.15,1.71
1111,MYRG,36.32,16.6M,602.901M,7.00%,21.13%,0.91,2.31
1112,NANO,30.63,24.53M,766.461M,12.00%,24.34%,1.43,1.22
1113,NATI,47.2,132.9M,6.341B,55.41%,15.58%,0.77,1.21
1114,NAVG,69.96,29.82M,2.085B,8.00%,23.82%,0.07,3.43
1115,NAVI,13.17,244.51M,3.227B,12.00%,-0.53%,2.39,2.01
1116,NBHC,37.0,30.95M,1.166B,10.00%,5.32%,1.17,2.3
1117,NBR,3.67,358.79M,1.295B,36.40%,-51.25%,2.88,-0.86
1118,NBTB,37.67,43.74M,1.666B,5.00%,2.85%,0.92,2.63
1119,NCI,22.45,39.06M,907.75M,13.50%,4.25%,0.77,0.89
1120,NCR,28.17,118.94M,3.442B,4.00%,-7.05%,1.58,2.81
1121,NDSN,143.45,57.33M,8.317B,11.30%,11.67%,0.85,6.34
1122,NE,2.81,249.15M,702.603M,5.99%,-39.19%,3.03,-1.77
1123,NEOG,57.92,52.12M,3.087B,12.50%,-15.08%,1.06,1.12
1124,NEU,414.44,11.19M,4.675B,7.70%,8.71%,0.27,21.48
1125,NEWM,10.55,60.24M,638.556M,,-36.55%,1.16,0.51
1126,NFBK,14.72,49.77M,741.628M,8.00%,-7.58%,0.91,0.78
1127,NFG,59.09,86.28M,5.105B,8.50%,14.96%,0.81,3.57
1128,NGVT,112.76,41.75M,4.808B,12.50%,46.47%,1.61,4.93
1129,NJR,49.68,88.77M,4.404B,6.00%,19.73%,0.37,2.12
1130,NLS,5.43,29.59M,160.082M,10.00%,-62.54%,-0.06,0.36
1131,NMIH,28.1,66.43M,1.869B,43.24%,101.95%,1.89,2.24
1132,NNN,53.02,161.98M,8.611B,10.00%,38.72%,0.29,1.56
1133,NP,66.02,16.87M,1.13B,11.50%,-15.64%,1.2,3.73
1134,NPK,111.01,7.02M,789.655M,,15.80%,0.64,
1135,NPO,72.25,20.82M,1.51B,8.00%,-3.93%,1.38,4.46
1136,NR,8.33,90.5M,638.907M,52.60%,-18.86%,1.73,0.4
1137,NSA,28.62,56.68M,2.488B,11.00%,8.81%,0.43,0.79
1138,NSIT,55.7,35.76M,1.986B,7.40%,57.07%,1.35,4.78
1139,NSP,121.67,41.26M,5.051B,18.00%,51.60%,1.19,4.59
1140,NTCT,29.31,77.83M,2.291B,1.78%,7.81%,0.99,1.33
1141,NTGR,30.01,31.51M,974.156M,6.60%,-46.33%,1.59,2.49
1142,NTRI,42.88,,1.255B,15.00%,,,0.0
1143,NUS,49.96,55.51M,2.801B,11.20%,-29.85%,0.67,3.88
1144,NUVA,59.19,51.86M,3.104B,11.98%,11.24%,1.38,2.25
1145,NVR,3147.0,3.63M,11.303B,16.80%,1.48%,0.64,186.59
1146,NVT,27.49,177.61M,4.879B,8.30%,∞%,,1.87
1147,NWBI,17.45,106.22M,1.858B,7.00%,5.06%,0.8,1.1
1148,NWE,68.99,50.41M,3.48B,2.99%,24.74%,0.33,3.45
1149,NWN,67.19,28.96M,1.939B,4.00%,9.14%,0.46,2.32
1150,NX,16.58,33.03M,549.012M,15.00%,-3.21%,1.57,0.83
1151,NYCB,11.23,467.33M,5.304B,-20.50%,-5.64%,1.51,0.81
1152,NYMT,6.25,187.84M,1.185B,-0.02%,2.97%,0.21,0.72
1153,NYT,32.66,165.92M,5.489B,12.80%,38.72%,1.29,0.82
1154,OAS,6.3,322.08M,1.984B,32.23%,-42.07%,1.79,0.31
1155,OCLR,,,,,,,
1156,ODFL,151.8,81.13M,12.483B,8.51%,13.74%,1.63,7.95
1157,ODP,2.44,543.23M,1.336B,0.58%,6.99%,2.53,0.32
1158,OFC,27.83,110.32M,3.114B,8.20%,0.73%,1.26,0.77
1159,OFG,19.53,51.33M,1.015B,8.00%,45.26%,1.5,1.73
1160,OFIX,54.84,19.06M,1.045B,9.40%,-10.47%,0.59,1.78
1161,OGE,42.49,200.18M,8.455B,-3.10%,28.63%,0.34,2.14
1162,OGS,88.21,52.69M,4.634B,5.00%,25.76%,0.56,3.45
1163,OHI,36.0,207M,7.807B,15.80%,38.18%,0.56,1.62
1164,OII,16.79,98.93M,1.706B,13.00%,-20.06%,2.59,-1.03
1165,OLLI,94.77,63.19M,6.07B,,53.01%,1.5,
1166,OLN,22.56,164.89M,3.753B,30.45%,-25.27%,1.63,1.88
1167,OI,19.06,155.22M,3.013B,9.64%,-6.54%,1.14,2.96
1168,OII,16.79,98.93M,1.706B,13.00%,-20.06%,2.59,-1.03
1169,OIS,19.87,60.5M,1.2B,-6.99%,-45.09%,2.94,-0.46
1170,OLLI,94.77,63.19M,6.07B,,53.01%,1.5,
1171,OLN,22.56,164.89M,3.753B,30.45%,-25.27%,1.63,1.88
1172,OMCL,80.05,41.2M,3.214B,8.50%,79.51%,1.74,2.51
1173,OMI,3.42,63.02M,220.576M,-7.47%,-78.89%,2.51,0.66
1174,ONB,16.83,175.48M,2.987B,8.00%,-2.15%,1.15,1.35
1175,OPB,21.51,36.09M,787.132M,24.10%,-23.69%,1.84,1.33
1176,ORI,21.25,297.43M,6.57B,10.00%,3.92%,0.65,1.87
1177,ORIT,16.94,43.07M,740.404M,12.00%,10.72%,0.96,1.16
1178,ORN,2.55,28.75M,73.604M,-10.00%,-58.09%,1.19,-0.07
1179,OSIS,85.91,18.07M,1.603B,17.50%,33.99%,0.78,4.03
1180,OSK,80.23,70.05M,5.606B,4.98%,8.80%,2.06,7.47
1181,OSPN,19.12,39.97M,769.828M,2.00%,∞%,2.23,0.46
1182,OSUR,9.51,62.05M,554.734M,20.00%,-46.25%,1.4,0.22
1183,OXM,82.82,16.96M,1.429B,,7.50%,0.97,
1184,OZK,31.81,128.6M,4.163B,12.00%,-31.86%,2.18,3.48
1185,PACW,38.96,118.91M,4.67B,10.00%,-23.95%,1.64,3.79
1186,PAHC,33.49,20.28M,1.355B,5.30%,-20.97%,0.01,1.68
1187,PARR,19.41,49.29M,948.844M,,15.47%,1.4,1.65
1188,PATK,51.0,23.85M,1.238B,7.50%,-8.52%,2.77,4.76
1189,PB,71.73,69.85M,5.069B,9.12%,0.31%,1.27,4.82
1190,PBF,33.26,119.85M,3.963B,6.89%,-13.15%,1.33,2.07
1191,PAY,,,,,,,
1192,PB,71.73,69.85M,5.069B,9.12%,0.31%,1.27,4.82
1193,PBH,28.97,51.8M,1.517B,6.00%,∞%,0.94,2.76
1194,PBI,7.01,185.11M,1.322B,-6.00%,-31.31%,2.01,1.11
1195,PCH,39.05,67.87M,2.709B,5.00%,-24.94%,1.3,1.05
1196,PDCE,45.32,66.1M,2.947B,38.40%,-14.31%,1.13,3.03
1197,PDCO,21.51,93.48M,2.047B,2.24%,-7.82%,1.79,1.42
1198,PDFS,13.08,32.6M,428.633M,16.00%,17.85%,1.32,0.2
1199,PEI,6.15,77.38M,529.352M,1.00%,-36.98%,1.79,-0.46
1200,PENN,21.96,116.28M,2.571B,-32.40%,-27.85%,2.19,1.41
1201,PERY,,,,,,,
1202,PES,1.99,78.46M,151.421M,-27.89%,-41.74%,2.35,-0.47
1203,PETS,22.16,20.48M,450.216M,7.39%,-33.65%,0.85,1.98
1204,PFBC,47.37,15.07M,721.985M,10.00%,-25.70%,1.49,5.14
1205,PFS,26.77,66.59M,1.823B,8.00%,2.53%,0.48,1.91
1206,PGNX,4.93,84.54M,424.403M,296.40%,-24.73%,2.05,-0.6
1207,PGTI,14.38,58.08M,839.292M,39.87%,-17.65%,0.97,1.02
1208,PII,95.65,61.03M,5.948B,15.00%,-9.57%,1.4,6.15
1209,PJC,79.86,12.66M,1.014B,10.00%,11.52%,1.23,6.41
1210,PKE,16.4,20.28M,334.813M,15.00%,-3.70%,1.31,0.46
1211,PLAB,9.31,67.05M,632.296M,10.00%,22.48%,0.77,0.4
1212,PLAY,58.09,36.6M,2.123B,,35.51%,1.28,
1213,PLCE,109.41,15.78M,1.742B,,-14.02%,1.37,
1214,PLT,51.08,39.47M,2.019B,15.00%,-21.52%,1.71,4.76
1215,PLUS,92.02,13.61M,1.268B,5.00%,15.05%,1.35,5.28
1216,PLXS,58.99,30.24M,1.791B,8.13%,8.08%,1.11,3.47
1217,PMT,20.9,67.95M,1.432B,13.31%,18.87%,0.59,1.86
1218,PNFP,57.08,76.63M,4.454B,32.20%,-10.66%,1.71,5.1
1219,PNM,45.76,79.65M,3.638B,3.90%,14.83%,0.36,2.15
1220,POL,27.23,77.82M,2.157B,8.95%,-35.29%,1.63,2.47
1221,POOL,177.0,39.6M,7.081B,17.00%,27.33%,1.03,6.27
1222,POST,110.68,66.5M,7.439B,20.10%,39.10%,0.66,4.98
1223,POWI,77.22,29.05M,2.238B,7.26%,15.06%,0.87,2.33
1224,POWL,29.55,12.34M,366.917M,10.00%,-1.20%,1.95,0.07
1225,PPBI,28.8,62.77M,1.839B,8.00%,-27.55%,1.75,2.61
1226,PRA,35.23,53.74M,1.919B,27.30%,-23.68%,0.88,1.45
1227,PRAA,27.73,45.33M,1.302B,15.00%,-21.85%,1.95,1.66
1228,PRAH,96.35,65.66M,6.453B,15.76%,17.28%,1.64,5.02
1229,PRFT,28.47,32.98M,949.081M,12.00%,15.49%,0.99,1.7
1230,PRGS,45.28,44.49M,2.023B,10.00%,22.80%,1.07,2.51
1231,PRI,126.99,42.45M,5.42B,17.68%,31.03%,1.73,8.09
1232,PRLB,110.4,26.92M,2.841B,19.60%,-6.58%,1.96,3.12
1233,PRSC,64.94,12.83M,846.902M,12.00%,-14.80%,0.85,2.5
1234,PRSP,22.15,161.59M,3.66B,5.00%,∞%,,1.93
1235,PSB,151.26,27.36M,5.257B,,30.96%,0.57,2.82
1236,PTC,91.0,118.63M,10.935B,35.48%,10.30%,1.03,1.8
1237,PTEN,14.48,208.25M,2.974B,22.60%,-30.91%,1.68,-0.65
1238,PUMP,23.06,100.29M,2.33B,5.10%,27.05%,1.86,2.48
1239,PVAC,44.53,15.11M,668.258M,10.00%,-3.02%,0.98,10.78
1240,PZZA,50.75,31.78M,1.633B,3.90%,-18.15%,0.74,1.11
1241,QEP,7.55,238.04M,1.773B,-5.69%,-37.93%,2.22,0.29
1242,QHC,1.66,31.36M,54.566M,-17.51%,-76.74%,2.04,-1.37
1243,QLYS,87.16,39.38M,3.47B,8.00%,13.40%,0.83,1.87
1244,QNST,13.89,49.81M,714.237M,25.00%,22.24%,-0.11,0.62
1245,R,63.91,53.27M,3.457B,14.61%,-5.22%,1.98,6.1
1246,RAVN,38.05,35.94M,1.393B,,3.99%,1.64,
1247,RBC,82.22,42.81M,3.564B,12.70%,15.37%,1.37,6.42
1248,RCII,24.38,53.98M,1.317B,5.00%,145.99%,0.17,1.87
1249,RECN,15.97,32.02M,515.53M,8.00%,2.04%,1.26,0.96
1250,REGI,23.26,37.36M,884.198M,15.00%,80.54%,0.3,1.07
1251,REI,5.15,67.81M,349.903M,37.00%,-68.90%,1.94,0.39
1252,REX,83.61,6.27M,531.757M,8.00%,12.30%,0.64,0.0
1253,RGA,148.02,62.54M,9.407B,10.22%,-0.80%,0.68,13.21
1254,RGEN,60.27,44.07M,3.036B,25.00%,54.70%,0.95,0.83
1255,RGLD,87.13,65.52M,5.806B,12.00%,-2.32%,-0.38,1.62
1256,RGNX,52.71,36.61M,1.927B,2.00%,41.23%,1.04,-3.34
1257,RGR,56.56,17.46M,1.002B,,2.35%,0.51,3.47
1258,RGS,19.64,40.23M,797.045M,8.00%,25.54%,1.26,0.78
1259,RH,106.99,21.22M,2.247B,,12.22%,1.33,
1260,RIG,8.85,610.36M,5.371B,156.50%,-27.81%,2.0,-0.84
1261,RLI,79.23,44.55M,3.558B,9.80%,25.41%,0.96,2.41
1262,RMAX,42.37,17.81M,1.314B,155.50%,-21.53%,1.09,2.23
1263,RMBS,11.45,110.03M,1.265B,13.29%,-14.22%,1.35,0.9
1264,RNR,152.67,43.95M,6.711B,22.00%,11.33%,0.38,11.83
1265,ROCK,40.05,32.17M,1.281B,20.00%,13.40%,1.24,2.37
1266,ROG,166.71,18.53M,3.09B,20.00%,56.40%,3.16,6.09
1267,ROIC,17.67,114.12M,2.213B,8.00%,2.33%,0.9,0.31
1268,ROL,39.34,327.53M,12.806B,8.20%,20.91%,0.85,0.77
1269,RPM,59.54,131.07M,7.892B,9.35%,23.00%,0.94,2.56
1270,RPT,11.92,80.36M,990.463M,-4.03%,-0.75%,0.83,0.12
1271,RRC,9.37,247.14M,2.284B,7.42%,-32.06%,1.14,0.59
1272,RRD,4.48,70.83M,326.52M,-5.00%,-46.98%,1.48,0.67
1273,RRGB,30.95,12.97M,413.078M,9.70%,-50.70%,1.24,1.22
1274,RS,91.0,67.23M,6.169B,3.76%,3.89%,1.27,8.48
1275,RTEC,24.49,30.93M,763.446M,12.00%,-2.92%,1.0,1.24
1276,RUTH,26.01,30.45M,800.457M,14.18%,-3.39%,0.74,1.44
1277,RWT,16.3,96.66M,1.581B,13.45%,6.00%,0.47,1.57
1278,RYAM,14.86,49.8M,751.462M,14.00%,-30.79%,2.54,1.35
1279,RYN,31.53,129.17M,4.126B,6.70%,-15.41%,0.76,0.5
1280,SABR,22.68,275.53M,6.315B,6.31%,9.93%,0.89,1.07
1281,SAFM,147.18,22.16M,3.311B,-23.60%,32.65%,1.01,3.0
1282,SAFT,91.58,15.38M,1.428B,15.00%,15.40%,0.67,5.75
1283,SAH,18.63,30.96M,886.904M,0.55%,-10.25%,1.42,1.74
1284,SAIA,64.74,25.61M,1.694B,15.40%,-1.18%,1.24,4.63
1285,SAIC,73.68,59.32M,4.389B,,-14.16%,1.11,
1286,SAM,300.09,8.61M,3.48B,10.20%,33.84%,0.8,8.57
1287,SANM,30.04,68.43M,2.028B,-1.50%,1.93%,0.95,3.09
1288,SBCF,28.49,51.42M,1.455B,9.00%,1.12%,0.92,1.94
1289,SBH,17.7,120.04M,2.151B,3.63%,2.08%,0.4,2.22
1290,SBNY,131.36,55.28M,7.337B,12.00%,3.37%,1.63,11.07
1291,SBRA,19.4,178.32M,3.493B,6.00%,5.63%,1.3,0.99
1292,SBSI,34.01,33.72M,1.174B,2.00%,-1.35%,0.75,2.24
1293,SCHL,40.29,33.56M,1.444B,9.10%,-2.73%,0.81,1.47
1294,SCI,43.09,182.32M,7.787B,8.87%,17.69%,1.16,1.92
1295,SCL,88.83,22.61M,2.039B,4.40%,26.32%,0.95,5.09
1296,SCSC,37.31,25.7M,976.43M,14.00%,8.57%,0.71,3.6
1297,SCVL,37.6,15.37M,576.401M,,55.19%,0.74,
1298,SEDG,45.78,47.26M,2.172B,9.86%,-12.78%,0.44,2.84
1299,SEIC,53.0,152.4M,8.21B,12.00%,-15.72%,1.09,3.18
1300,SEM,14.22,135.28M,1.972B,10.44%,-21.44%,1.08,1.04
1301,SENEA,24.08,7.7M,236.018M,,-12.56%,1.31,
1302,SF,58.45,71.88M,4.205B,12.00%,0.29%,2.03,5.64
1303,SFBS,33.88,53.5M,1.818B,,-19.45%,1.45,2.67
1304,SFLY,44.85,34.17M,1.498B,32.00%,-47.84%,1.73,0.74
1305,SFM,21.02,123.67M,2.6B,9.11%,-15.46%,0.45,1.21
1306,SFNC,24.5,96.52M,2.383B,5.00%,-18.87%,1.18,2.34
1307,SGMS,21.08,92.25M,1.992B,-74.14%,-60.38%,1.83,0.54
1308,SHAK,61.17,29.63M,2.304B,-2.40%,27.81%,1.72,0.6
1309,SHOO,35.31,85.78M,3.074B,10.00%,8.84%,0.96,1.82
1310,SIG,22.11,51.89M,1.179B,,-42.98%,1.28,
1311,SIGI,69.68,59.22M,4.148B,12.28%,17.79%,0.62,4.09
1312,SIX,52.15,84.23M,4.361B,6.30%,-18.06%,1.18,2.78
1313,SJI,31.91,92.1M,2.958B,5.90%,3.01%,0.93,1.09
1314,SKT,18.9,93.38M,1.874B,6.70%,-13.99%,1.08,1.32
1315,SKX,30.7,134.32M,4.903B,18.00%,7.37%,1.29,2.04
1316,SKYW,59.97,51.65M,3.118B,12.56%,2.71%,1.65,5.89
1317,SLAB,103.35,43.34M,4.595B,15.00%,12.99%,1.06,3.07
1318,SLCA,16.17,73.47M,1.212B,87.90%,-45.73%,2.4,-0.03
1319,SLGN,29.62,110.43M,3.306B,9.94%,5.49%,1.07,2.17
1320,SLM,9.97,432.43M,4.454B,15.35%,-13.24%,2.08,1.26
1321,SM,16.23,112.25M,1.791B,324.12%,-31.27%,2.21,-0.17
1322,SMG,82.27,55.35M,4.613B,9.70%,-1.50%,1.24,4.21
1323,SMP,52.04,23.07M,1.192B,7.00%,13.54%,0.18,3.03
1324,SMTC,53.23,66.6M,3.591B,,37.02%,1.7,
1325,SNBR,35.31,30.87M,1.099B,11.07%,24.21%,1.64,2.45
1326,SNH,8.09,237.73M,1.923B,3.20%,-48.43%,1.15,0.27
1327,SNV,36.43,159.15M,5.801B,8.00%,-30.40%,1.46,3.87
1328,SNX,105.09,51.22M,5.475B,13.50%,4.96%,0.88,11.87
1329,SON,62.5,100.03M,6.287B,5.73%,21.32%,0.82,3.58
1330,SONC,,,,,,,
1331,SPN,3.95,155.93M,631.525M,-38.97%,-62.07%,2.59,-0.77
1332,SPOK,13.85,19.34M,269.057M,,-6.44%,0.55,
1333,SPPI,9.3,110.03M,1.059B,,-41.39%,4.05,-1.48
1334,SPSC,108.5,17.47M,1.872B,15.00%,49.51%,0.45,2.09
1335,SPTN,16.86,36.33M,601.658M,0.43%,-7.76%,1.5,1.76
1336,SPXC,36.17,43.87M,1.607B,15.62%,14.16%,1.14,2.58
1337,SR,82.96,50.74M,4.202B,2.37%,14.55%,0.2,3.72
1338,SRCI,6.32,243.32M,1.521B,4.74%,-42.39%,1.61,0.97
1339,SRDX,42.13,13.48M,577.177M,10.00%,12.50%,1.91,0.11
1340,SSD,62.14,45.17M,2.8B,5.00%,13.30%,1.53,3.21
1341,SSP,22.33,68.8M,1.829B,10.00%,100.54%,1.84,0.37
1342,SSTK,41.9,35.08M,1.465B,18.00%,-0.21%,1.23,1.61
1343,STAR,8.69,66.61M,585.537M,,-14.69%,0.79,1.03
1344,STBA,38.98,34.33M,1.354B,10.00%,-8.65%,0.78,2.97
1345,STC,42.18,23.73M,1.01B,5.00%,2.45%,0.57,2.65
1346,STE,127.99,84.59M,10.921B,10.00%,35.41%,0.83,4.78
1347,STL,20.97,209.56M,4.399B,5.00%,-12.08%,1.71,2.11
1348,STLD,31.59,224.1M,7.077B,4.34%,-29.50%,1.61,3.98
1349,STMP,84.46,17.53M,1.511B,15.00%,-63.07%,0.61,5.43
1350,STRA,141.52,21.45M,3.106B,15.00%,34.29%,0.78,6.04
1351,SUP,5.07,25.02M,127.598M,2.00%,-61.37%,3.32,-0.38
1352,SUPN,36.63,52.32M,1.898B,37.00%,-22.07%,1.1,2.35
1353,SVU,,,,,,,
1354,SWM,35.35,30.9M,1.115B,5.00%,-9.25%,1.85,3.49
1355,SWN,4.26,538.49M,2.229B,-12.12%,-0.98%,1.25,0.68
1356,SWX,82.7,53.11M,4.38B,6.30%,13.10%,0.39,3.91
1357,SXC,8.49,65.09M,546.796M,8.00%,-25.15%,0.93,0.58
1358,SXI,74.03,12.65M,944.308M,10.00%,-23.91%,1.97,4.74
1359,SXT,69.66,42.29M,2.974B,3.80%,4.43%,1.12,3.31
1360,SYKE,27.13,42.47M,1.17B,10.00%,-5.81%,0.94,2.21
1361,SYNA,37.79,34.4M,1.31B,12.50%,-12.48%,0.83,4.45
1362,SYNH,46.55,103.75M,4.882B,11.49%,21.92%,1.29,3.12
1363,TBI,24.94,39.07M,996.308M,10.00%,-6.45%,1.71,2.21
1364,TCF,21.71,161.68M,3.578B,9.00%,-12.36%,1.4,1.98
1365,TCBI,63.96,50.27M,3.228B,7.50%,-35.30%,1.67,6.5
1366,TCF,21.71,161.68M,3.578B,9.00%,-12.36%,1.4,1.98
1367,TCO,51.06,61.12M,4.432B,5.84%,-9.45%,1.1,0.67
1368,TDC,45.1,117.64M,5.382B,11.30%,10.26%,0.96,1.49
1369,TDS,32.17,106.64M,3.624B,86.80%,17.34%,0.48,1.0
1370,TDY,247.0,36.22M,9.003B,29.10%,32.41%,1.27,9.35
1371,TECD,105.79,36.9M,3.934B,,38.94%,1.16,
1372,TECH,191.44,37.77M,7.363B,10.90%,26.75%,1.59,4.51
1373,TER,47.88,173.18M,8.444B,5.63%,47.93%,1.38,2.31
1374,TEX,32.21,71.15M,2.337B,16.64%,-11.47%,1.85,3.88
1375,TFX,281.14,46.07M,12.994B,13.85%,5.01%,1.24,11.03
1376,TG,17.87,32.95M,592.842M,,1.42%,0.8,
1377,TGI,23.75,49.87M,1.194B,8.59%,0.55%,3.29,1.8
1378,TGNA,15.86,216.09M,3.436B,10.00%,49.20%,1.6,1.31
1379,THC,24.3,102.93M,2.496B,48.33%,1.67%,2.43,2.28
1380,THG,119.4,40.69M,4.866B,-1.10%,3.65%,0.53,8.07
1381,THO,65.8,55.06M,3.684B,-0.50%,-37.81%,2.21,5.32
1382,THRM,41.24,33.65M,1.41B,25.00%,21.39%,1.07,2.15
1383,THS,64.36,55.99M,3.605B,10.00%,66.49%,0.77,2.55
1384,TILE,15.19,60.01M,939.133M,33.10%,-28.82%,1.95,1.63
1385,TISI,17.18,30.25M,519.647M,11.00%,1.24%,1.4,0.05
1386,TIVO,9.41,124.91M,1.195B,12.00%,-33.64%,0.67,0.83
1387,TKR,46.75,76.11M,3.635B,2.50%,9.03%,1.78,4.84
1388,TLRD,7.95,50.18M,395.425M,,-74.71%,2.12,
1389,TMP,77.42,15.32M,1.231B,8.00%,-0.27%,0.94,5.42
1390,TMST,10.23,44.76M,455.703M,-18.30%,-39.31%,2.65,0.61
1391,TOL,37.57,145.94M,5.463B,-0.02%,-10.91%,0.59,4.43
1392,TPH,13.13,142.21M,1.873B,-2.07%,-22.91%,1.19,1.32
1393,TPRE,11.18,91.77M,1.033B,15.00%,-16.24%,1.05,2.81
1394,TPX,61.35,54.72M,3.373B,22.75%,36.65%,2.39,3.42
1395,TR,39.95,39.62M,2.459B,,39.05%,0.31,
1396,TREE,389.0,12.83M,5.016B,36.30%,55.03%,2.88,7.65
1397,TREX,76.24,58.87M,4.476B,25.00%,46.96%,1.94,2.55
1398,TRMB,40.0,252.34M,10.253B,7.00%,16.47%,1.84,2.07
1399,TRMK,35.3,64.9M,2.312B,7.00%,12.68%,1.23,2.21
1400,TRN,21.05,130.73M,2.811B,10.00%,-8.13%,1.8,1.31
1401,TRST,7.81,96.75M,767.221M,5.00%,-8.77%,1.21,0.0
1402,TTC,72.71,106.11M,7.759B,19.50%,24.88%,0.97,2.98
1403,TTEC,34.99,46.21M,1.63B,10.00%,9.16%,0.85,1.65
1404,TTEK,63.86,55.21M,3.544B,15.00%,31.78%,1.04,2.95
1405,TTI,2.47,125.63M,305.274M,29.00%,-36.64%,2.43,0.0
1406,TTMI,13.41,105.14M,1.411B,9.36%,-3.08%,2.28,1.49
1407,TTS,5.52,52.92M,298.477M,20.00%,-19.56%,1.1,0.26
1408,TUP,22.9,48.73M,1.152B,12.00%,-48.61%,0.19,4.03
1409,TVPT,15.71,126.51M,1.98B,3.61%,-8.40%,-0.07,1.41
1410,TVTY,21.43,47.65M,1.048B,10.00%,-40.70%,1.13,2.36
1411,TWI,6.72,59.95M,413.63M,25.00%,-35.15%,1.76,0.49
1412,TXRH,60.48,71.83M,4.355B,10.75%,-5.20%,0.95,2.49
1413,TYL,224.07,38.35M,8.664B,10.00%,2.35%,0.7,5.28
1414,TYPE,17.34,40.22M,705.485M,15.00%,-7.04%,1.01,1.21
1415,UBA,21.82,29.41M,806.295M,8.00%,9.06%,0.66,0.79
1416,UBSI,38.8,102.23M,4.02B,8.00%,14.76%,1.4,2.52
1417,UCBI,28.11,79.14M,2.234B,1.00%,-11.99%,1.69,2.29
1418,UCTT,11.6,39.11M,474.412M,20.00%,-32.27%,1.68,0.87
1419,UE,18.71,120.1M,2.379B,4.30%,-9.24%,1.26,0.46
1420,UEIC,36.76,13.84M,516.191M,15.00%,-20.50%,1.68,2.94
1421,UFCS,42.87,25.17M,1.076B,10.00%,-14.95%,-0.44,1.0
1422,UFI,19.44,18.39M,363.116M,10.00%,-34.14%,1.01,0.6
1423,UFPI,35.14,61.33M,2.248B,5.00%,10.54%,1.76,2.73
1424,UFS,48.68,63.1M,3.096B,5.00%,10.43%,2.12,5.59
1425,UGI,53.89,174.1M,9.363B,8.00%,11.06%,0.5,2.44
1426,UHT,77.32,13.75M,1.087B,,29.13%,1.24,
1427,UIHC,15.47,42.77M,662.873M,20.00%,-18.03%,1.3,1.29
1428,ULTI,330.84,31.68M,10.461B,19.99%,37.85%,1.23,6.26
1429,UMBF,68.86,49.05M,3.417B,10.30%,-9.72%,1.02,4.64
1430,UMPQ,17.16,220.46M,3.814B,10.00%,-27.21%,1.19,1.55
1431,UNF,157.08,15.35M,2.992B,10.00%,-2.32%,0.86,7.94
1432,UNFI,12.5,50.82M,630.675M,-6.80%,-100.00%,3.06,2.07
1433,UNIT,11.26,183.12M,2.15B,15.10%,-37.29%,0.98,0.27
1434,UNT,14.28,55.72M,781.14M,44.00%,-36.11%,1.99,0.91
1435,URBN,29.62,103.56M,3.036B,,-26.45%,0.46,
1436,USCR,46.21,16.62M,762.161M,10.00%,-20.92%,1.49,3.0
1437,USPH,115.27,12.76M,1.498B,12.50%,26.01%,1.37,2.87
1438,UTHR,102.18,43.72M,4.586B,-9.50%,-7.33%,1.02,9.23
1439,UVE,29.85,34.9M,1.03B,,-7.55%,1.53,3.42
1440,UVV,51.79,24.97M,1.317B,,9.71%,0.58,
1441,VAC,105.33,45.1M,4.743B,21.44%,-14.31%,2.36,7.72
1442,VC,61.01,28.24M,1.802B,7.23%,-51.02%,1.93,4.88
1443,VECO,12.04,48.03M,596.102M,91.00%,-21.10%,1.65,-0.3
1444,VG,9.54,239.86M,2.284B,10.00%,-14.76%,0.82,0.2
1445,VIAV,13.11,228M,3.019B,15.00%,39.37%,0.46,0.65
1446,VICR,36.6,28.45M,1.471B,17.50%,2.09%,-0.27,0.41
1447,VIVO,12.97,42.49M,570.63M,17.00%,-11.37%,0.35,0.66
1448,VLY,10.0,331.98M,3.446B,5.00%,-20.64%,1.45,0.94
1449,VMI,133.76,21.95M,2.906B,10.00%,-6.36%,1.44,8.48
1450,VRA,11.69,34.16M,412.711M,,3.16%,0.76,
1451,VREX,31.83,38.12M,1.23B,19.00%,-11.50%,1.67,1.37
1452,VRTS,122.62,6.98M,865.456M,8.27%,4.79%,1.63,12.66
1453,VRTU,53.62,29.92M,1.627B,20.00%,11.40%,1.38,2.28
1454,VRTV,27.86,15.9M,448.26M,14.10%,-26.86%,0.89,1.09
1455,VSAT,89.46,60.48M,5.406B,18.80%,39.03%,1.09,-1.36
1456,VSH,19.23,144.32M,2.811B,9.00%,9.63%,1.54,2.12
1457,VSI,6.41,24.01M,151.72M,29.00%,31.11%,2.43,0.38
1458,VSM,52.0,109.24M,5.677B,16.40%,47.81%,2.11,2.37
1459,VSTO,8.69,57.59M,505.65M,25.00%,-47.88%,0.15,0.27
1460,VVC,,,,,,,
1461,VVI,61.58,20.28M,1.232B,14.00%,17.24%,1.05,2.46
1462,VVV,18.31,188.18M,3.47B,7.50%,-9.86%,0.97,1.33
1463,WAB,71.65,162.47M,11.897B,14.00%,-19.54%,1.4,4.15
1464,WABC,62.96,26.9M,1.721B,3.00%,13.08%,1.12,2.98
1465,WAFD,32.57,80.44M,2.683B,7.00%,2.58%,1.13,2.57
1466,WAGE,42.63,39.85M,1.717B,,2.47%,1.85,
1467,WBS,51.85,92.12M,4.869B,19.40%,-13.72%,1.25,4.19
1468,WCG,259.65,50.3M,13.324B,19.99%,26.13%,1.42,13.53
1469,WD,53.77,30.65M,1.666B,10.00%,-6.44%,1.3,5.36
1470,WDFC,166.97,13.8M,2.317B,10.00%,26.41%,0.19,4.55
1471,WDR,18.29,76.13M,1.408B,-2.01%,-9.39%,1.49,1.58
1472,WEN,18.81,230.94M,4.332B,10.30%,12.01%,0.68,0.62
1473,WERN,36.34,69.89M,2.498B,29.04%,1.49%,1.4,2.6
1474,WETF,8.0,153.19M,1.163B,9.58%,-26.30%,1.08,0.25
1475,WEX,207.67,43.14M,8.954B,19.75%,27.99%,1.14,9.1
1476,WGO,35.98,31.87M,1.161B,15.00%,-5.91%,1.01,3.52
1477,WH,54.06,97.39M,5.344B,0.68%,∞%,,3.19
1478,WING,78.04,29.33M,2.273B,9.60%,59.13%,0.97,0.77
1479,WIRE,59.5,20.89M,1.233B,10.00%,13.01%,0.89,3.66
1480,WLH,16.15,32.99M,615.959M,10.00%,-40.21%,1.32,2.2
1481,WNC,14.54,55.42M,810.831M,15.00%,-27.52%,2.23,1.57
1482,WOR,39.53,57.31M,2.279B,41.50%,-11.34%,1.1,2.74
1483,WPG,4.41,186.45M,1.022B,,-31.68%,1.31,-0.1
1484,WPX,14.39,422.25M,5.941B,146.66%,-15.04%,1.76,0.38
1485,WRB,60.54,183.02M,11.122B,11.57%,21.96%,0.72,2.62
1486,WRI,29.29,128.65M,3.82B,9.00%,6.30%,0.82,0.94
1487,WRLD,128.1,8.86M,1.143B,1.50%,24.61%,1.64,3.6
1488,WSM,55.73,78.56M,4.414B,,17.78%,1.09,
1489,WSO,160.21,32.14M,5.977B,15.00%,-4.53%,1.08,6.72
1490,WSR,12.51,39.77M,513.98M,,14.84%,1.17,0.24
1491,WST,122.62,73.74M,9.12B,9.10%,38.60%,1.33,2.85
1492,WTFC,75.72,56.64M,4.336B,10.00%,-15.35%,1.23,6.61
1493,WTR,38.45,210.59M,8.137B,5.00%,8.85%,0.46,1.48
1494,WTS,84.92,27.74M,2.893B,8.00%,13.79%,1.61,4.06
1495,WWD,100.89,62.08M,6.378B,15.11%,40.30%,1.5,4.63
1496,WWE,85.02,43.74M,6.518B,47.40%,114.58%,1.59,1.21
1497,WWW,36.1,90.01M,3.264B,5.00%,20.69%,1.35,2.32
1498,WYND,42.44,93.7M,4.028B,1.88%,-17.67%,1.68,5.32
1499,X,15.5,173.34M,2.716B,-4.78%,-53.65%,2.61,2.68
1500,XOXO,,,,,,,
1501,XPER,24.44,49.11M,1.224B,15.00%,11.86%,-0.38,2.37
1502,Y,648.82,14.46M,9.443B,8.50%,12.76%,0.68,39.5
1503,ZBRA,231.0,53.95M,12.364B,10.00%,71.63%,1.32,12.46
1504,ZEUS,16.1,11.01M,174.923M,34.29%,-31.43%,2.01,1.69
1505,ZUMZ,27.31,25.52M,706.163M,,17.05%,1.32,
